,Entry,Entry name,Status,Organism,Sequence,Length,Signal peptide,pred CS,p_NO,p_SPI,p_SPII,p_TAT,p_is_SP,pred label
0,D7UQ40,SOL5_ALTSO,reviewed,Alternaria solani,MRLIILNLLSLGITPSVVGHSGPHRQETQNLNNFLESNAINPAAINGETRHTGGVHLACAILEASNQTAVVFPSDGELYTQIDKAHASATAPKNPACIYTPNDVKGVSLGVKVATFVQAKFAIRSGGHSPMEYFANIDGGVLISLAGIKTLEYNADTQTQRSGFGNLWQDVYRHVNAQGRTVVGGRTGSVGLALTLGGGLSHFSNAYGWAAQNVLSYEMVLADGSIVIASEEENSDLYFAVKAGANNFGIVTHIVQRTYPLGKIWGGSMIFPGNASAQFMAALADYQAKGQLDKKSAILPYVGLIADAVVAQFSYLEPVERPEAFEAFYDIPVIQDLTQVWDTFAAMVTAPIPYNMTRFSYATTDLLYDKEAYLEIERICHKYIPRMRKLEGGDIMLMPQPISVSMVGEARARGSDPMGVADQPQLWFVVSSGWNLAQDDAEAESIMLDALAEVEEYTKSRALHLPFYFLNDAFSTQMPLQSYGAVTYGKLQAASRKYDPTRVFQELVPGGFKLV,515,"SIGNAL 1..25;  /evidence=""ECO:0000269|PubMed:18256508""",19,0.09084174,0.90262926,0.003407888,0.0030479308,0.9090851,SP
1,D2E9W7,DEP2_ALTBR,reviewed,Alternaria brassicicola (Dark leaf spot agent),MEDGRSTFKVIIIGAGVTGLTLAHCLAKACIDYVLLDKGIVAPSFGTTITLQPHGCRILHQLGCLDAVLASCDVMSGAQCRDPSGKTFASNDFFRVVKKFTGYDTRTLDRKVFLRTMYEQLPDQSRVHERARVEEIIEDNEKTRVVLQDGQEFVGNLVIGTDGVHSKVREIMWDNANTAKPGMITVEEKRAMVTQYNAIVMACSPVPGLGSHDMEVTSNDKFSFLLLCQPDWISIIVHNKLPEDQQCTWPTRRRYTESDMEALVSRILECPITETVVFGELWKRRLKAQMISLEEGVLEHWFFGRIVLAGDAIHKVTPNSALGGNTAMEDAVTVANTLHTLLAAHPNKKPSTVELQDAFRDNYQNARMDRVRAIVKVGGDLTRQQAYDGWKRYLIQRWLTPIVGLDTLAKNIAGLCVTAPKLSYIDFEEKRGMLNWQDTVAADKELEMHHENVGGVRAEYHKSKWLLTSADWSGGFEAVFPQILGVLMVMWSSVWLFHLAFSRHCISGFGGEVWRTFGADNETSCVAK,528,"SIGNAL 1..23;  /evidence=""ECO:0000255""",0,0.9902255,0.0046776137,0.002897536,0.0021796054,0.009754755,Other
2,Q0UK51,STHD_PHANO,reviewed,Phaeosphaeria nodorum (strain SN15 / ATCC MYA-4574 / FGSC 10173) (Glume blotch fungus) (Parastagonospora nodorum),MAAYFLLGLYGSTLVYRLIFHPLNRFPGPLAARISDLWLCTQLGGHDMHHLSERLSKRYGEFVRIGSSTLMLTHPKAVAAIYGPGSPCRKGTFYDLEQPNRGIATRDESLHAGRRRVWSRGFGDKALRTYEPRVAAYVHMLLGRLADARGKPVDMARLAEAFAFDTMGDLGLGADFGMLRQARTHEAVEQLVQGMTIMGRRLPMWLMRLLIDVAQALVPTAATTGFLGFCHHHLDRFMADPRRSERPSLMAPLLSHYEKQNIADRDLSILRNDCRFIIIAGSDTVAATLTFAFFYLAKHPGHVTRLREELFPLRAADGTFSHQRIFDAPHLNAVINETLRLHPPASTIPRVTPPQGLVVADTFIPGDMTVFSSQYALGRSEAIYSKASDFIPERWCSRPDLIKDGSAYAPFSIGHHSCLGRPLALMEMRLVLAETLSRFDIAFAPGFDANHFLQHVHDCMSWHIGKLGLTFTAIE,475,"SIGNAL 1..17;  /evidence=""ECO:0000255""",0,0.9400218,0.035164222,0.013823144,0.010954971,0.05994234,Other
3,Q00359,PGLRX_COCCA,reviewed,Cochliobolus carbonum (Maize leaf spot fungus) (Bipolaris zeicola),MRVTDIISCALLQASIALSTPVEELGAKAVVAKRFPPVPFLPGKASSVPGSRNKTCMLKALGGGKDDSANILSAVKQCNNGGHVVFPKGQQFTIGTALDLTFLNGIDLDIQGTIQFTNDTDYWQANSFKQVFQNATTFFQLGGKDINVYGGGTLDGNGQAWYDLYAKDIYILRPILFGLIGAKNAKISDLKFRYSPQWYTLVANSSQVVFSNIDIFGDSKSKNPAKNTDGWDTYRSDNIIIQNSNINNGDDCVSFKPNSTNILVQNLVCNGSHGISVGSLGQYPGEVDIVENILVRNISMSNASDGARIKVWPGASSALSGDLQGGGGSGAVRNVTYDGMIVKNVDYAIEITQCYGQKNLTLCNQFPSNLTISDITIKNFKGTTSKKYDPRVGYVVCSSPKVCSDISIENIDVKSPSGTNLFTCANAEGIQSQVNCTVEGDKGGHS,446,"SIGNAL 1..17;  /evidence=""ECO:0000255""",19,0.001196382,0.99586904,0.0015441825,0.0013677313,0.99878097,SP
4,A9JX75,TOX1_PHANO,reviewed,Phaeosphaeria nodorum (strain SN15 / ATCC MYA-4574 / FGSC 10173) (Glume blotch fungus) (Parastagonospora nodorum),MKLTMVLSVAFATLTFANEGILTFEGLGLARRQTICHTPGGSGCRASISGDQCCCTSCTPEDCSDLCKNGKQAAHEAQKQKKCAKCCNAGGESHELCCSIASAGIDCNPCTAGLRMC,117,"SIGNAL 1..17;  /evidence=""ECO:0000255""",32,0.0010756713,0.9961942,0.0014094469,0.0012731252,0.99887675,SP
5,N4WE73,OXI1_COCH4,reviewed,Cochliobolus heterostrophus (strain C4 / ATCC 48331 / race T) (Southern corn leaf blight fungus) (Bipolaris maydis),MTETFKVAITFVSPSSEALAQSIIDSINKSADTTRAIKIQADMRDTDSPLRIIDATICAFGPNIDILVNNAGVESLVSLSELGLQDFNECIDVNFRAVVFMTKSVIPYLRSPGRIINISSSSAHAGGLSSGIYAASKAAVEALARFWATSLGPQGHSVNTVVPGLTQTDMYERIIAEESSAAYHRTVASMTPMGGRVGTPEDIARIVSLLVEPRSQWVTGQTISATGGLILL,232,"SIGNAL 1..20;  /evidence=""ECO:0000255""",0,0.9925208,0.0035263605,0.0021728997,0.0017692994,0.00746856,Other
6,A0A4P8GEB4,EUPD_PHOSX,reviewed,Phoma sp.,MSIAGLVTTLPWLMNMLRAVPGATGRFERFAGWCYEQLLLKRESLAVERATNHNHEPRDVMTWLINSMDEGDRCAPPTESALQEDARTLISAGSDTVAITFTNILYFLVKHPTIYQKLQRLMDHEFPQGYSSWTYNKAKGVPYIDYIIHETLRLRPAVPMGFLRQTPPQGLQIDEIFIPGDVIVNVPTYTIHRDSRYFYDAAKFIPERWEELSPDTAAYLAFQRGPFTCSGKNLATMQLRMLISCLALRYRIHFAPGEDGVAFATQEKETLTMWIPPLQMVFRPR,285,"SIGNAL 1..19;  /evidence=""ECO:0000255""",0,0.99202764,0.0039194142,0.0022317606,0.0018267648,0.00797794,Other
7,Q06562,XYN1_COCCA,reviewed,Cochliobolus carbonum (Maize leaf spot fungus) (Bipolaris zeicola),MVSFTSIITAAVAATGALAAPATDVSLVARQNTPNGEGTHNGCFWSWWSDGGARATYTNGAGGSYSVSWGSGGNLVGGKGWNPGTARTITYSGTYNYNGNSYLAVYGWTRNPLVEYYVVENFGTYDPSSQSQNKGTVTSDGSSYKIAQSTRTNQPSIDGTRTFQQYWSVRQNKRSSGSVNMKTHFDAWASKGMNLGQHYYQIVATEGYFSTGNAQITVNCP,221,"SIGNAL 1..30;  /evidence=""ECO:0000255""",30,0.00091743714,0.99663,0.0012263467,0.001170591,0.99902695,SP
8,P26215,PGLR_COCCA,reviewed,Cochliobolus carbonum (Maize leaf spot fungus) (Bipolaris zeicola),MVAYALTSMLLSAGALVAAAPSGLDARDGCTFTDAATAIKNKASCSNIVISGMTVPAGTTLDLTGLKSGATVTFQGTTTFGYKEWEGPLISVSGTNIKVVGASGHTIDAAGQKWWDGKGSNGGKTKPKFFYAHSLTTSSISGLNIKNTPVQAFSINGVTGLTLDRITIDNSAGDSAGAHNTDAFDIGSSSGITISNANIKNQDDCVAINSGSDIHVTNCQCSGGHGVSIGSVGGRKDNTVKGVVVSGTTIANSDNGVRIKTISGATGSVSDITYENITLKNIAKYGIVIEQDYLNGGPTGKPTTGVPITGVTLKNVAGSVTGSGTEIYVLCGKGSCSGWNWSGVSITGGKKSSSCLNVPSGASC,364,"SIGNAL 1..21;  /evidence=""ECO:0000255""",27,0.0008515684,0.99684036,0.0011492126,0.0010847079,0.9990743,SP
9,Q0TVB2,VPS10_PHANO,reviewed,Phaeosphaeria nodorum (strain SN15 / ATCC MYA-4574 / FGSC 10173) (Glume blotch fungus) (Parastagonospora nodorum),MKYLKGLLLPALLALAPSATAAKDAPSIETTTFSNELVNLQYFDDSTVALVQELGSGKIYRSPDAGKAWKELKDLKKGLGIIKNPYDNKVALVLGEEQHWITYDQGETWQDFKTEYSPSPNGPVSWHSQDNKKILIHEIEDCLFTPCLGLTYYTTDGFKTKPKTLVEGRRMCQWAKGSERFLEGQEKHDDRILCILRGKYSDRSKDFRLMISDDYFKTAEEPVMSSGRTVQGMANMAAVKGYLVAAVKADHSSELSLYVTQDTENWHHAQFGNGKIEEDAYTILESTNYSIQVDVMSSKYVSIGSLYTSNSDGLYFTKNVDNTNRNPDGFVDFEKIANIQGVVLVNIVDNAKAVQERGAHKKLKSRISFDDGRTFEELKVKGSDKELHLHSSPGIVMGVGNTGDELGKYTDGDLYVSDDAGLTWELALDEAHKYEFGDQGSVLVAVFDEGDTDKVMYSLKHGRKDTWKSIDLGYKIRARELTTLSDSTSLRFLLYGSKKKDGGGREHVLIQLDFNDLHERKCEDKDFDPKWSDPTPTFESCECDEFRDFECDFGFKPEGEGKDKKCVPEKLTLPKDACKNGDSTYMGSSGWRKISGNQCKGGSKKDEKTERKCDEADLPPPKSDKITSEITRFKGSNFLEQYYLERSTQNDDDETDHDETVVMLTDERTAWITHDHGKQWKKAVDDEVVRIYPHQYDNNYVYFLTASKKVHYSEDRGLRNSIHSFEAPVMPNQEMLQILQFHPKQKGWLIWMGGKNCEKVNSKECHTAAYVSQKNGKDESWEPLVSYVKKCAFVWREAGRDVKEERVFCEQHANEETGAPLQLISSDDWFKKQDVKFKSVVEIALMSEFIIVATKEKDDTLRLDASLDANTFAEARFPPKFFDIHQTAYTVLDSSTHAIFLHVTVNPRVDQEYGSIIKSNSNGTSYVLSLNAVNRNTEGYVDFEKMQGLEGVAIANVVVNVNEVNDGAKKKKQTRITHNDGADWREKDAEGKAYECAGKGEEKCALHVHGYTERADPREMYSSPTAVGLMLAVGNVGEELGTFGEADTYMTTDAGLTWKEIKKGSYAWEFGDQGSVIVIVRRGEDTDHVYYTLDSGEKWNLYQFSERKIRVDAITTVPSDTSLNFLLWGKDGKELVAVNLDFSGLPQFQRKCDLDEKDPEKGDFDLWIPQHPLQPDDKQCLFGHVAEYHRKKRDAECRNGQRIDHMHNIQRNCTCTRRDYECAYNYERQPGGECKLIEGLDLEDPTAVCSKGAKEFWDVSPYRKIPLSTCEGGNEFDHMGDVHPCPGFEEEFEKKHGISGFGLFMAIVLPFAAAGGIGYYVWRNWDGKFGRIRLGENGGAFDSDSRWVQWPIAAISGLVAVVAAIPMLVGSLYRMVTGRMGGGYGGRTYTSRSSFARGRGDYAVVDPDEGELLGDDSDEEV,1421,"SIGNAL 1..21;  /evidence=""ECO:0000255""",21,0.00078761345,0.99663943,0.0013633914,0.0010932724,0.9990961,SP
10,E5R540,KEX1_LEPMJ,reviewed,Leptosphaeria maculans (strain JN3 / isolate v23.1.3 / race Av1-4-5-6-7-8) (Blackleg fungus) (Phoma lingam),MASTYSTPRWRTALLGGFLTTLPWLSSGMAGKTQADYFIKSLPGAPEPLLKMHAGHIEVDAEHNGNLFFWHYENRHIADRQRTVLWLNGGPGCSSMDGALMEVGPYRVQADGNLHYNNGSWDEFANLLFVDQPVGTGFSYVNTDSYLTELDQMANHMVIFLEKWFGLFPEYEHDDLYIAGESYAGQHIPYIARAIVKRNKEQGKTPWALKGLLIGNGWISPVDQYLSYIPYAYQNGLMKADSDMAKRVENQQRICIKKLEDGGMDAVDTNDCEQIMVNILEETKDRKADRMNQCVNMYDIRLRDDASCGMNWPPDLASVTPYLRRPDVIQALHINPDKKTGWQECNGAVSGHFRAKKSEPSVRFLPELIPEVPTLLFSGDKDFICNHIGTEEMIKNMQWSGGKGFEVTPGVWAPKQDWTFEGEAAGSWQEARNLTYVVFYNSSHMVPFDYPRRTRDMLDRFMGVDIEQIGGVPSDSRIDGEKGPLTSVGDHPNSTRAEEDKATDVKQAEWKAYYRSGQVALVVVVIVAALWGIFLWRSRRRHTKTAYQGDDGDEGRESLLTGMGLDNFRRKERRSDLEAADFDERELDDLDGASKKPGNGYASLGSEKERQSHNDSTFSLGGDSDDEAGSSDGPKRKGGSS,641,"SIGNAL 1..35;  /evidence=""ECO:0000255""",30,0.30126712,0.6935426,0.002782815,0.002369123,0.6986945,SP
11,Q0UHZ8,ELCG_PHANO,reviewed,Phaeosphaeria nodorum (strain SN15 / ATCC MYA-4574 / FGSC 10173) (Glume blotch fungus) (Parastagonospora nodorum),MACNILNFLTGLLSLSSTLPSTYFPSCIKPSNSHVSQNPVRFEVHLTPGRANPTGAGFRDVILVNGTFTGPTLRLSRGDNVEFLVRNHLREDTAVHFHGITQSLSPWADGTPGIAQRPIRPGAAYLYRWRADESGVFFYHAHSRGQLMDGMYGAIVIERGEDEPSPFHMISHEASDWELMREAEREVQTLMISDWSQFSFGEVMGVEREANIDFTCMDAIVVNGAGSEYCLERELLNEYTNPLVKFILSHTDEKEITDKGCVPPLRLFQGNYSLHLDTLPPEAFRKCIPGVGGGANHTVTVHSSNRWAALTFINPGGLYPLKVTIDNHPMHVFAVDGHYIYPQIVDQILVNNGERYSVFVKLDQEVGRYTIRIANDLLGQVLGGFAALSYNGVMDDPPHPKPLMNYAGGSLVKNIRVFDEFNTRPYPPKPPASVADRTHKFMVRKLAQPHGAYEWTMSGIEGLNMTTEDVASPFLFQDPSQIETSELMLTTKKNEWVDLIIEVEGPFAQSHPMHKHGNKAFIVGRGVGFFPWATVEEAEKHLPRGTFNFIDPPYKDTFKTLEGVNNNAWLALRYHANSPGAWLFHCHIQTHLAGGMGVVILDGVDEWPELPEAYAEWNGFEAPV,624,"SIGNAL 1..18;  /evidence=""ECO:0000255""",20,0.28663874,0.7083763,0.0027543902,0.0021504029,0.7132811,SP
12,A0A4P8GEA3,EUPF_PHOSX,reviewed,Phoma sp.,MRYHLSALVLVFTAFRETLTAPTPGNNTIPLPNRLLHQWPNGTWVENISVRPNGNLLVTTSTPDGSVWQVKEPWKENPEVERVFNFDEWVDRLIGIGETQDDKYVVVGSRFYSTDAQSSHVARTFCAMELDFSGNTTEPSARLIAWMPESYLLQGVAALPWDRDTVLISDQYVLRPRAVQIDWTPSPGQIWVLDTRTGEYGLVMTDYAELNTTYAKGPDVGIDGIKIRDHDLFWVNQDDSGIYRVKIDDAGVPVAPVKPQLVASYNTMWDDMAFDPFNENVIWATGLNAVFAATLDGQIVPVDGVGTSDNLTLPGPTACAFGRTEKDKSILYVTGNLLTVPESLLDVKLGGW,352,"SIGNAL 1..20;  /evidence=""ECO:0000255""",20,0.00083906704,0.99696195,0.0011265767,0.0010330486,0.9991216,SP
13,P79085,ALTA1_ALTAL,reviewed,Alternaria alternata (Alternaria rot fungus) (Torula alternata),MQFTTIASLFAAAGLAAAAPLESRQDTASCPVTTEGDYVWKISEFYGRKPEGTYYNSLGFNIKATNGGTLDFTCSAQADKLEDHKWYSCGENSFMDFSFDSDRSGLLLKQKVSDDITYVATATLPNYCRAGGNGPKDFVCQGVADAYITLVTLPKSS,157,SIGNAL 1..18,24,0.0008928976,0.9966858,0.0012116877,0.0011499426,0.99904746,SP
14,B2WDP9,VPS10_PYRTR,reviewed,Pyrenophora tritici-repentis (strain Pt-1C-BFP) (Wheat tan spot fungus) (Drechslera tritici-repentis),MKHLKGLLLPALLALASSAAAKDPLVETTPFKNELVNLMYFDDSGVALVQELDNGKIFRSHDAGKGWKEIKDVQGLGIIKSPYDNKVALILGEKKHWITYDQGENWDSFETKLPPSPQGPVGWHAQDNKKILLNEIENCFTAPCLGKTYYTTDGFKTDPKTLVDDRRMCQWAKASERFLQGVDKHDDRILCITRGKYSDRSKDFRLLMSDNFFKETEEPVMSSGRTVQGMANMAAVKGYIVAAAKAEHSSELALYVTQDTDSWHHARFGDHKIEEDAYTILESTNYSIQVDVMTSKYVTMGNLYTSNSNGTYFTKNVEHTNRNDAGYVDFEKIANIQGVVLVNTVDNYKEVEKSGQSKKLKSRISFDDGRSFEKLTVKGKDGELHLHSVTNLHNSGRVFSSPAPGIVMGVGNTGDYLGKYTDGDLYVSDDAGLTWELALEEAHKYEFGDQGSVLVAVFDEGDTDEIRYSFKHGRKDTWQKIKLDYKIRARELTTLPDSTSLKFMIYGSRKKDGGGREHVIVHLDFSDMLKKCGDSDFDDEWSVRKDADGDPSCVMGHKQLFRRRKWDAECSVGELFKDPVPKFKPCDCDKFRDYECDFNFTPTGEGKDKKCEPSESFSLPKGACEGDAKSYKGSSGWRKIPGNQCKGETERDKQVERECKDAERPRPKTDKITSEITKFKGSNFMEQYYLERNTQSDGTDNDRGKDETVVMLTDERTAYITHDHGKKWKKAVDDEIVRIYPHQYENNNVYFLTASKKVYYSKDRGLHDSINSFEAPVMPNTEMLPIMQFHPKQKDWIIWLGGKNCEKLGNKDCHTVAYVSQKNGEDSSWESLVPYVKKCAFVWREAGRSVKEEQVFCEQHTNEEKNAPLELISSDDWFKKKDVKFKSVVEFATMSEFIIVATKAEDNTLHLDASLDAHTFAEAKFPPKFFDIHQTAYTVLDSSTHAVFLHVTVNPQRDQEYGSIIKSNSNGTSYVMSLAAVNRNTEGYVDFEKMQGLEGVAVANVIVNVDEVNKGAKKKKQSRITHNDGADWEPLQAPEKDSDDKPYDCDIADKKKCGLHIHGYTERADPREMYSSPTAVGLMLAVGNVGPELTTFGEANTFMTTDAGITWKEVKKGTYAWEFGDQGSVIVIVRRGEDTDHVYYSVDSGAKWDLYQFADHKMRVDAITTVPSDTSLNFLLWGKDSRELFAVNLDFSGLPEFQKECKLDENDPTKGDYDLWSPQHPLQQDEPECLFGHVAQYHRKKRDVKCRNGQRIDQMHDIARNCSCTRRDFECAYNYERDSSGDCVLVPGLSLPDPAKVCSNKNVKEYYSNTRFRKIPLSTCQGGTEYDKTGDVHPCPGFEEDFKKNHGVGGFTLFLAIVLPFAAAAGVGYWVWRNWDGKFGRIRLGEPGGGSAFDSDAPWVRWPIAAVSGLVAVGAALPLVVGSVWRWVVGRMGGRGGGGGGYSGLGGSGFGRAYTSRSSFARGRGEYSVVDPDEGELLGDEESDEDV,1491,"SIGNAL 1..21;  /evidence=""ECO:0000255""",21,0.00076077564,0.9969309,0.0012262553,0.0010054564,0.9991626,SP
15,Q0UI13,ELCH_PHANO,reviewed,Phaeosphaeria nodorum (strain SN15 / ATCC MYA-4574 / FGSC 10173) (Glume blotch fungus) (Parastagonospora nodorum),MFTLRSLAILAVFAATALASKQSSNDRELVVAIYGGGLASATLAQALKGSSNLNVQYFDPALDLTPTSFRLFGFDPKVHDALALVNEEAGGAIERSGWYPEEPSVVVVGQGSDADTVVLDWAQLKNTTHHPQVTVVDPKPFLQQMLNGTDESRLHPNKTLVSITRKDLSAKYPLELKFQDGSIQHADVLIGDDGPFGQMRSEVLGAKHPANAPVFMNFLSAVAHVAPDDAEKLLGQKYGNRDLGRRFERVGMGSWFLNAYLEGFSTCLGSFYTEEAYDLSQFTRTTSVKELTARFSNLNEADNSQKILSGYSGLRLIPEIEHSPAPTYINGLVAMQGNAAHFMTNFQQLGPSQQIEDAMILGTLLRSAHSRADVEAALYAYDTVRRPRSQWVSEHGKRLGWLWTGMVEDVGIDAKKLKKAMLQWKQDSEAFDLKAHKNEAVKIMKQTIKERSGSEKIITQEEKIKAGFQGLWEAMREKSGEQVEL,485,"SIGNAL 1..19;  /evidence=""ECO:0000255""",19,0.0008306912,0.9970115,0.0011137804,0.0009963627,0.9991216,SP
16,E4ZVX1,VPS10_LEPMJ,reviewed,Leptosphaeria maculans (strain JN3 / isolate v23.1.3 / race Av1-4-5-6-7-8) (Blackleg fungus) (Phoma lingam),MKYLRGLLLPALLALAPSIAAKKDEPLIETTAFKNDLINLMYFDDSGVALVQEIENGNVWRSHDAGKGWSQIKDVSKVLRITKSPYDNKAAIVLGEKKHWITYDRGENWDSFETEFPPSPVAPVGWHASDNKKILVNEIEDCFLAPCLGRTYYTTDGFKSKPKVLVEDRRMCQWAKGSERFLEGEDKHDSRILCITRGKYSDRSKDFRLLISDNFFKDSEEPKMSSGRTVQGMTNMAAVKGYIVVASKPDHSNELSLYTTQDTETWHHAQFGDHKIEEDAYTILESTNYSIQVDVMTSKYVDMGNMYTSNSRGTYFTKNVEHTNRNQDGFVDFEKIANIQGVVLVNTVDNWKEYEKSGQNKKLKSRISFDDGRSFEKLTVKGKDDELHLHSVTNLHNSGRVFSSPAPGIVMGVGNTGEHLGKYTDGDLYVSDDAGLTWEMALSEAHKYEFGDQGSVLVAVFDEGDTDEIRYSFKHGRKDSWKKIKLDYKIRARELTTLPDATSLKFMMYASRKKEGGGREHVIIHLDFADMLPKCEDKDFDDKWSVRQETDGKPSCVMGHKQLFRRRKWDAECFIGDVFNDPVPTFEPCDCDEIRDYECDFGFDPSGEGKDKKCVPSDSRKLPEGACEGDAKTFKDKSGWRKIPGNQCKGETDREKEVERPCGDAEKQPPKSNKITSELTKFKGGNFQEYYYLERNAQADDDKPNDRDKDETVVMLTDERTAWITHDHGKKWKKAVDDEIVRIYPHQYENNYVYFLTATKKVYYSEDRGLHDSIHSFQAPTMPNTERLEIMRFHPNQKGWLIWMGGKNCEKVGDKDCHTVSYISQKNGQEESWEPMVPYVKKCVFIWREAGRKVKEEQVFCEQYTNEEMGAPLQLISSDDWFKKKEVKFKSVVEFATMAEFIVVATKADDGTLHLDATLDGSTFAEAKFPPKFFDVHQTAYTVLDSSTHAVFLHVTVNPQRDQEYGSIIKSNSNGTSYVMSLSGVNRNTEGYVDFEKMQGLEGVAVANIVANVDEVNNGTKKRKQSRITHNDGAAWEPLQAPEKDSEDQPYKCDVSDKEKCSLHIHGYTERADPREMYSSPTAVGMMLAVGNVGSELTTFGEASTFMTIDAGITWKEIKKGTYAWEFGDQGAIIAIVRRGEDTDHIYYSLDYGEKWNLYKFSEHKIRVDAITTVPSDTSLNFLLWGKDSKELVAVNIDFSGLPDFKRKCEIDEDNPTAGDFDLWSPQHPLQDGDQDCLFGHVAQYHRKKRGAQCKTQQRIDHMHNIARNCTCTRRDYECAYNYERKPGGECEKIPGLELADPKEVCSKGAKEWWDPSPYRKIPLSTCQGKEMDQIGEVHACPGFEEEFEKKHGLSGFGIFLAVVLPFLAAGGIGYYVWRNWDGKFGRIRLGENGGSFDSDAAWVKWPVAAVSGLVAVVTAIPLVMGSLWNFLASRMGGGYGGRTYTSRSSFARGRGDYAVVDPDEGELLGEESDEEV,1477,"SIGNAL 1..21;  /evidence=""ECO:0000255""",20,0.000832002,0.9967464,0.0013347242,0.0010400113,0.9991211,SP
17,Q0UC19,MEP1_PHANO,reviewed,Phaeosphaeria nodorum (strain SN15 / ATCC MYA-4574 / FGSC 10173) (Glume blotch fungus) (Parastagonospora nodorum),MLSSLLAGAGLVALAASHPTSHGNALTRRAVDINAFRLTATSEYVNATVAVSEPSLRFLKRADYLETATELVKSVAKDATFRVVEDHYVGSNGIAHVNFKQTANGLDIDNADFNINVAKDGSIFSYGNSFYTGAIPANPLQKRDFSDPVDALKAANDKLQLAVTAEKASAESTGAKETFTLKGTSGAVKDPEAKLVYLVKSDGNLALTWRVETDIMSNWLLTYVDAATNQEIHGVVDYSADATYQVYPWGLNDPTEGSRAVVTNPWDTTASEFTWQGTGTTTYNVPRGNNAIAQSNTDGGSDYLSNYRPTSTSQNFSYPYTLQMSPPSTYVDASVTQLFYTANVYHDLLHSLGFNERAGNFEVNNNGAGGSGNDMVILNTHDGSDTNNANFATPPDGQPGRMRMFLWDLSTPNRDSSFEAGVVIHEYTHGLSNRLTGGPANSNCLNALESGGMGEGWGDFMATAIRLKAGDTRAKDYTMGSWIANDPKGIRTYPYSTSLTTNPHKYTDVNNLRGVHPIGTVWATMLYEVMWNLIDRYGKNDGAKPTFGANGAPTDGKYLAMKLVVDGMALPNFVQARDAILDADVALTGGANKCDIWKGFAKRGLGSGARYSSTARTGSTALPSGC,626,"SIGNAL 1..17;  /evidence=""ECO:0000255""",29,0.006216158,0.990211,0.0018236956,0.0016502116,0.99368495,SP
18,Q0V671,MEP2_PHANO,reviewed,Phaeosphaeria nodorum (strain SN15 / ATCC MYA-4574 / FGSC 10173) (Glume blotch fungus) (Parastagonospora nodorum),MRSFLLASLASVATLKSAQAHPAHSTRGLSKRGIDLDSYRLKQPVSYTNANDVGSDASISSLTRRATAEETASELVKKVVPGATFRVADNYVGSNGVAHVYFKQTANGLDVDNGDFNVNVGRDGTVFSFGNSFYTGDIPTAPSKSKRDTIEPAAAFKSAVSVLDLPVSAGSATSEPKEAENTFAIKQSEGTVSEPEARLVYVQTNGKLALTWRVETDVLSNWLLTYVDAIDGSQVHAVVDYSADASYQVYPWGINDPTEGERTIVVDPFDKQASEFGWHSDGSKTYDTTRGNNGVAQNNWANKSASEYLNLPRPVSTDLKFHYPYSLNETDFQKYSNASVTQLFYTSNVYHDLLHKLGFNEQAGNFEINNNGAGGAGNDFVFLNAQDGSDFNNANFATPPDGQAARMRMYMWNGTTPFRDCSFDASVIIHEYTHGLSNRLTGGPANSNCLNVLESGGMGEGWSDFYAIATHLKAGDTRETDYPMAPWVSGKPNGIRNYLYSTDINVNPQTYIYVDPQTRVHPIGNIWAGMLYEVLWNLIDKHGKNDAGTPDFDSNGLPTDGKYLAMKIVMEGMALQPCNPNFVSARDAIVDADKILTGGDNKCEIWKGFAKRGLGKDAKYDRVARTESYDLPEGVCA,637,"SIGNAL 1..20;  /evidence=""ECO:0000255""",65,0.0014333145,0.9955184,0.0015616368,0.0013974288,0.99847746,SP
19,Q0U6L1,LAP1_PHANO,reviewed,Phaeosphaeria nodorum (strain SN15 / ATCC MYA-4574 / FGSC 10173) (Glume blotch fungus) (Parastagonospora nodorum),MKSSVLLSLCTAALVAGAAHPLEPQVVLKDGQSTFTEPDEYLIELSPGETRWVTEEGKWELRRQNINFFDITHHEDLGTINANRLIEKSVKFPSKPAFNKTVVPLLKKLKKDNMRKHLETFTSFHTRYYKSQYGAQSSAWLLEQVSKTLSDAGAVNASVKAFPHPWGQSSIIATLPGKSNKTVVIGAHQDSINLFLPSILAAPGADDDGSGTVTILEALRVLLKSEGILDGSAPNTVEFHWYSAEEGGLLGSQAIFQSYEKEGRDVKAMLQQDMTGYVQKTLDAGEPESVGVITDFVDPGLTEFIKQIITVYCDIPFILTKCGYACSDHASASKAGYPSAFVIESDFKYSDSKIHTTEDKIEYLSFDHMLQHAKLTLALAYELAFAEFK,389,"SIGNAL 1..18;  /evidence=""ECO:0000255""",21,0.0010397759,0.99619377,0.0015292959,0.0011217371,0.9988448,SP
20,B2WKX9,MEP_PYRTR,reviewed,Pyrenophora tritici-repentis (strain Pt-1C-BFP) (Wheat tan spot fungus) (Drechslera tritici-repentis),MRSFLLASLASLSVISVYGHPHARSTLTRRGVDLDSYRMKHAATYKNVAEVVADHNINTLAKRASAQDIATDLVKATIPNATFRLVSDSYVSDNGVAHFYFKQTANGLDIDTADFNVNIGRDGNVFSFGNSFYKGDVPAPPSLTKRDGSEPVAALKSAVDVLALPVSAQSATAEPKDATETYAIKKTTGTVSEPEARLVYLVDDEGKLALTWRVETDIMSNWLLSYVDVKDGSKVHAVVDYSADATYNVYPWGINDPTEGERQLVTDGFYPPASEFGWHNDGKMAFKTTRGNNGIAHTNWDNKMSGFLDLPRPTSEDLNFDYPFSLNQTDFHDYGNASITQLFYTSNKYHDLLYTLGFNEKAGNFEINNNGAGGVGQDFVYLNAQDGERFNNANFATPPDGSPARMRMYIWNQTTPFRDCSFEAGVVIHEYTHGLSNRLTGGPANSGCLSMLESGGMGEGWSDFFATAIRLKPSDTRAKDYTMGEWISGSEFGIRNYKYSTNLEVNPQVYTDVDQYTRVHPIGNIWASMLYEVLWNLIDKYGKNDDWLPEFNSAGVPKDGKYLAMKLALDGMALQPCNPTFVSARDAIIDADKALTGGANLCEIWSGFAKRGLGEKAVYSTGGRTNSFDVPAGVCNNSTVSSQARRVKLPLSV,653,"SIGNAL 1..19;  /evidence=""ECO:0000255""",30,0.0012330287,0.99600184,0.0014356225,0.0012842708,0.9987217,SP
21,E4ZJL4,MEP_LEPMJ,reviewed,Leptosphaeria maculans (strain JN3 / isolate v23.1.3 / race Av1-4-5-6-7-8) (Blackleg fungus) (Phoma lingam),MRAFLLASLASLPAVNVYAHPTHNSRGLTRRAVDLDAFRPKVPTSYTNATAVQADPEIPTLARRADPEQVASELVAKILPDAQFRLVSDHYVGTNGVAHFYYKQTVHGLDVDSGDFNVNIGKDGNVFSFGNSFYKGKLPAAPTLKRDTEAAANALRSAVNVLSLPMSAESATAVPKEGSDAFTITQTSGAVKEPEARLVYVQDASGNLKLAWRVETDIQSNWLLTYVDAEDGSQVHAVVDYAAEATYEVYPWGISDPTEGERVVLTDPFDRQASEFGWHSDGTTEFNTTRGNNGLAHTNWENLSSGYLNFPRPSSADLKFEYPYSLEETDYKAYANASITQLYYTSNAYHDLLHTLGFNERAGNFEINNNGAGGRGGDLVYLNTQDGGGVNNANFLTPPDGQPPRMRMFIWTKTSPSRDSSFDAGVVIHEYTHGLSSRLTGGPANAGCLSSIESGGMGEGWSDFYATAIRLKPADTRATDYPMGAWIEGDSRGIRNFLYSTSMETNPQVYTNVDQYIRVHPIGNIWASMLYEVLWNLIDKHGKNDAAKPDFDANGVPTDGKYLTMKLVLDGMALQPCNPTFVSARDAIIDADKALTGGSNACEIWRGFAKRGLGAGARYDPTTRTDSFELPEGVC,635,"SIGNAL 1..19;  /evidence=""ECO:0000255""",31,0.0016444667,0.9952733,0.0015826335,0.0014208972,0.9982768,SP
22,E5AE41,P450_LEPMJ,reviewed,Leptosphaeria maculans (strain JN3 / isolate v23.1.3 / race Av1-4-5-6-7-8) (Blackleg fungus) (Phoma lingam),MSFARIFITILLLFILRRAFKWLKMIVDARSIGLPMVFVPMDQTNFLWVLLSSRNRFRLQSLLPLWLWKRLSITIPGWELFEPSNPLETSPTSRTEATDTSFILVGLRTYDFWTADPQVAHEVLRRIHDFEQPRELEFLLAKFGPNVLTANGDQWARHRKIVTKVINERISKAVFESSIYYCRRILHDVLTTSPDKSSSVETTMLFDKLTQISFSILIGVGIGDKFPWYDEEKQEPEPPYQMAYKDALLTYVNNAFGVAILPPRLLNHWPSWAPGHKKMRTVGRSMTEFCMRNKSLIDQEQNRIARGETSTSSNADFIALLVQASQSGEDSQQSLSENEMISNLFAFTAGGYKTIAGALDFAVVLLARFPLWQDWLIEEVDSLIPADGDGSEPLEYTTIYPQAVRTLAFVMETERLYGSASRLFRIASGPQTIQVSSGTTVRLPAKTRVHINVVALHHLPSWRDINHQSDPDRFKPSPDAPDEKLFRPSRWINPPGSKYTHFHPPKGTFVPWSQGPRICPGQKMAQVEITTLILCLLRRHRIEPSRLEGETLQDAERGLDAKLQNVQWGGIVSLEKDPHLKFRVSQRR,588,"SIGNAL 1..21;  /evidence=""ECO:0000255""",0,0.92055357,0.043004483,0.020575913,0.015851814,0.079432204,Other
23,Q0USX0,KEX1_PHANO,reviewed,Phaeosphaeria nodorum (strain SN15 / ATCC MYA-4574 / FGSC 10173) (Glume blotch fungus) (Parastagonospora nodorum),MLLTHTSSRWRTAAVCALAATASWLPSVQAAEKTQADYFVSSLPGAPEGPLLKMHAGHIEVDAEHNSNLFFWHYENRHIADRQRTVLWLNGGPGCSSMDGAMMEIGPYRVKHGGHLEYNNGSWDEFANMLFIDQPVGTGFSYVNTDSYLTDLDQMAEHMMIFLEKWFKLFPEYENDDLYIAGESYAGQHIPYIARAILNRNKNQNTDPKPWNLKGLLIGNGWISPADQYLAYLPFAYQNGMIQADSDSAKRVEQQQSICIQKLQDGGHDKVDTSECEQIMVAILEETKDRKADRMNQCLNMYDIRLRDDSSCGMNWPPDLTDVTPYLRRPDVIKALHINSDKKTGWSECNGAVSGHFRAKNSVPTVKFLPELLTEVPILLFSGDKDFICNHVGTEAMIENMSWNGGKGWEVSPGVWAPKQDWTFEGEPAGTYQEVRNLTYVVFYNSSHMVPFDYPKRTRDMLDRFMNVDISAIGGDPADSRIDGEKGPLTSVGDHPNSTKAEEDKAQQLKEAEWKAYYRSGEVVLVILIIVACLWGAFLWRTRRSTSLYKGVDGDEGRESLLTGMGLDNFRRGARRHDVEAADFDERELDDLDDAPKKPANGYSNVNSEKERQPHNDSTFSLGADSDDEAEGSERGRRKEHS,642,"SIGNAL 1..30;  /evidence=""ECO:0000255""",30,0.00089190074,0.9961532,0.0016069323,0.0012498756,0.99900997,SP
24,B2W340,KEX1_PYRTR,reviewed,Pyrenophora tritici-repentis (strain Pt-1C-BFP) (Wheat tan spot fungus) (Drechslera tritici-repentis),MAFSHAPSGWRTALLAGLIATVAWLPAIVAQEKTQADYFIHDLPGAPKPLLKMHAGHIEVDAEHNGNLFFWHYQNRHIADRQRTVLWLNGGPGCSSMDGAMMEIGPYRVREGGKLEYNNGSWDEFANLLFVDQPVGTGFSYVNTDSYLTELDQMAAHMVIFLEKWFALFPEYENDDLYIAGESYAGQHIPYIARAILDRNKKNQAKSPWPLKGLLIGNGWMSPVDQYLSYIPFAYQNGLMRSGTDMAKRVEEQQRICVQKLEAGGMDAVDTRDCEQIMVRILQETKNENADPMNQCLNMYDIRLRDDSSCGMNWPPDLAQVTPYLRRADVVQALHINTDKKTGWQECNGAVSSHFRAKNSKPSVKFLPEVIEQVPVLLFSGDKDFICNHVGTEAMIQNLQWNGGKGFEASPGVQNAKQDWMFEGEAAGTWQEARNLTYVVFYNSSHMVPFDYPRRTRDMLDRFMGVNIEAIGGAPADSLIDGEKGPLTSVGDHPNSTKAEEDKSKELKAAEWKAYTRSGEVALVIAVIVACICGFLLCRSRRAKSAYKGDDSDEGRESLLTGMGLDNFRRKERRQDVEAADFDERELDEVPKKSGKGYGQISSEKGRVPHNDSSFSLGVDSDDDEAGSSDRGRRKEESR,639,"SIGNAL 1..30;  /evidence=""ECO:0000255""",30,0.0008184809,0.9969279,0.0011646731,0.0010539918,0.9991466,SP
25,Q00328,GUX1_COCCA,reviewed,Cochliobolus carbonum (Maize leaf spot fungus) (Bipolaris zeicola),MYRTLAFASLSLYGAARAQQVGTSTAENHPKLTWQTCTGTGGTNCSNKSGSVVLDSNWRWAHNVGGYTNCYTGNSWSTQYCPDGDSCTKNCAIDGADYSGTYGITTSNNALSLKFVTKGSFSSNIGSRTYLMETDTKYQMFNLINKEFTFDVDVSKLPCGLNGALYFVEMAADGGIGKGNNKAGAKYGTGYCDSQCPHDIKFINGKANVEGWNPSDADPNGGAGKIGACCPEMDIWEANSISTAYTPHPCRGVGLQECSDAASCGDGSNRYDGQCDKDGCDFNSYRMGVKDFYGPGATLDTTKKMTVITQFLGSGSSLSEIKRFYVQNGKVYKNSQSAVAGVTGNSITESFCTAQKKAFGDTSSFAALGGLNEMGASLARGHVLIMSLWGDHAVNMLWLDSTYPTDADPSKPGAARGTCPTTSGKPEDVEKNSPDATVVFSNIKFGPIGSTFAQPA,456,"SIGNAL 1..18;  /evidence=""ECO:0000255""",18,0.00090249896,0.9967543,0.001194687,0.0011085031,0.99905753,SP
26,Q0V1D7,NPIIB_PHANO,reviewed,Phaeosphaeria nodorum (strain SN15 / ATCC MYA-4574 / FGSC 10173) (Glume blotch fungus) (Parastagonospora nodorum),MKFQILSVAALASLASAVSDALDKRDSPLDVSLEVTDNTNVKATIKNTGTEDLKLFKTGTFLDDSHVEKVEVFRSGKQPEQVAFEGLRLRVSTANLDESAFKILKAGETIEAAFDIAVAHDLSVGGDFDLLTEGAFAYANLDSTSIAGAVPFTSNKVTTAVDGAKAGKVRRDWIDLAKRTIVQSDCTGSRGTATRTALSNCASLARTAANAAVNNSAKLNEYFKSTSSSTASSVQTVYNRIATQCGSTTSGDSTQYCSDILGACAGGVLAYTSPSTSQMVNCPLFFNQSPLSSQCHAQDQATTILHEMTHLRQVKGTSDYGGYGYQFVRSLSAAQNLNHADTYTLFAQALYAQC,354,"SIGNAL 1..19;  /evidence=""ECO:0000255""",25,0.0009141734,0.99667597,0.0012159087,0.0011358259,0.9990277,SP
27,Q6Q885,SIRR_LEPMC,reviewed,Leptosphaeria maculans (Blackleg fungus) (Phoma lingam),MHSKPQRALVIGATGVSGWSLCLQLLQTQTPSAFESVDLLTNRPVSLSDAQWPTDSRLRVHSGIDLNRTSEEVIGSFRGIPDIGEITHVFYVACGMSPTYDFAETAKINVQMTKAALDAIEAVAVCTKHISFQAGSIVYGIPFADWLGDNFRPGPFNESFARVPPPFSDMVSHYRQEDYVKAMADKNSWTWSSIRPDTIIGFTPRNSPHCLSVSLGLYFAFYRYVYGKGAVLHFPGSESAWKADFTVIGQDQLARFHIFTSTHAASNGTPGALNISNGETTSWEQIWPKIVQYFDLVGAPPEPKMAEGDSDDASSPRFGPEWFQGVTAKATEFEAEYGLQPDFVTNIAWQYLTFLLNLKIDRVLDIEKARDLGFLESSNTVSDFEKSWDHMRKARIIPSVEQSD,404,"SIGNAL 1..28;  /evidence=""ECO:0000255""",0,0.99259377,0.0034798891,0.0021484133,0.0017587502,0.0073870528,Other
28,Q69IF8,PEPA_PHANO,reviewed,Phaeosphaeria nodorum (strain SN15 / ATCC MYA-4574 / FGSC 10173) (Glume blotch fungus) (Parastagonospora nodorum),MPSFTYLTAALALTSSVVASPVEKRDAFEVKQVAHGLHRKNGPAQIAKTLRKYGKAVPAHIQAAADNNAVVQADANTGSDPAVPSDQYDSSYLSPVTVGTSTVHLDFDTGSADLWVFSDLQAKSSLSGHDYYKTDASKRKSGYTWKISYGDGSGASGQVYTDKVTVGQVTATAQAVEAATSVSAQFSQDVDTDGLLGLAMSSINTVKPQQQTTWFDTVKSQLAKPLFAVTLKYHAAGTYDFGYIDSAKYTGAITYVNADASQGFWGFTASGYSVGTGATVSSSISGILDTGTTLMYVPAATAKAYYAKVSGAKLDSTQGGYVFPCSATLPNFSITVAGVKQTVPGKYINYAPITDGSSTCFGGMQPDTDIGQSIFGDIFLKSKYIVHDMSNGTPRLGFAQQAGVSS,406,"SIGNAL 1..19;  /evidence=""ECO:0000255""",25,0.0008847012,0.9967825,0.0011796595,0.0010992724,0.9990614,SP
29,Q6F5E4,P4501_PLEBE,reviewed,Pleospora betae (Beet black rot fungus) (Phoma betae),MSHFLPTLILTSLTLVAYVLARMIYNVFYHPLSAFPGDAFFCATGLTKAYHMIAGDLQLKVKDMHDKYGSVVRIAPTELSFSYCSAWKDIYGSRGGRELSKFYDFYRVDEAMPQHIISAGKAKHSILRRYLAHGFSENAMKAQEPVILDLVNLLMQRLREHAEEGARVVDVNKWFNFATFEIIGKLTFGADLGNLRNRDWHPWVKGSANNNMVVGFMAAANSVGLGPIIKWCISNEILPRQKYLDELAEMVQKRTGVTVERPDFIQGLLRDDVQLSNGEIVANVEALIGAGSESTATLLTGTVCALLQNPDQLAKVIDEVRSTFRTEDEITLHSVQRLDYMLACLNETFRYYPPVTNGMPRVTPKEGAIIGGRLVPGNTVVAIWQWAICHDPALWKDPYTFRPERFLEAPEFSTDVREALNPFSVGTRNCIGRNLSYAETRLILARLFYYFDLELADPDQDWFGAQKAYLVWDAPALNMYLKPVVR,486,"SIGNAL 1..21;  /evidence=""ECO:0000255""",21,0.8638374,0.10015003,0.019593338,0.016435243,0.13617861,Other
30,E4ZHQ5,LAP1_LEPMJ,reviewed,Leptosphaeria maculans (strain JN3 / isolate v23.1.3 / race Av1-4-5-6-7-8) (Blackleg fungus) (Phoma lingam),MRSSVLFSLYAATLVAAVAHPKDPQIVLQESQATIVEPDEYLIELSPGETRWVTEDDKWALRRENINFFDITHNKELGTLNHKLSTESVKFPSKPAHNESIVPLLKELKKENMRTHLETFTSFHTRYYKSHYGAESSAWLLEQVRKTLTDAGASKASVKAFPHPWGQASIIATIPGKSDKTVVIGAHQDSINLFLPSILAAPGADDDGSGTVTILEALRVLLKSEEVLKGEADNTIEFHWYSAEEGGLLGSQAIFQSYEKEGRDVKAMLQQDMTGYVQKTLDAGEPESVGVITDFVHPGLTEFIKKIITVYCDIPYVLTKCGYACSDHASASKAGYPSAFVIESDFKYSDNKIHTTEDKIEYLSFDHMLQHARLTLGLVYELAFAKFK,388,"SIGNAL 1..19;  /evidence=""ECO:0000255""",17,0.001113895,0.9961769,0.0013765821,0.00122846,0.9987819,SP
31,A0A0C6E5D0,BET5_PLEBE,reviewed,Pleospora betae (Beet black rot fungus) (Phoma betae),MKSFATTVLLVTPGIYAAALSGRQGQAINSSCKVIPGDTAWPSRQIWSQLNDTLDGRLIQSTPQAAVCRPGGYGSISENGTECTTLKEDWDYAKAFLDSAVEIMNPWYQNTSCSPFYRVDQPCTLGNYVSYAIPVSGPEDVVTAINFTQTHNVRLVIKNTGHDYLGKSTGTGGLSLWTHNLQSKQIVNYTSPAYSGPAIKVGAGVTGGEALLHASQFGYRLVSGDCSTVGYAGGYSSGGGHSLLNSVHGMAADNVLEWEVVTADGRHLVASATQNSDLYWALSGGGAGNLAVVLSMTAKVHPDGLVGAATLSFNATSSPSNTSYISAINAWWTFLPTLIDAGASPSFNIYTNNFLIYNTTAPGKSAQDMSTLYAPYLSTLSSLSIPYTFQTYTAPSFLQHYNATDGPLPYGPYVASQLFNSRMIPRSLSSSPSNLTTAILSSVATDAPGIWQLGCLGINVNSTRISHPDNAVAPHWRTAMAVCLEFSLYDWAIPEEEMVARRQHLADVIHPAIVKVTPGSGAYLNEADPLVYPVGEDGWKDAFYGANYERLRGLKREWDPERVFYAYTAPGSEEWVSDAEGRLCRV,586,"SIGNAL 1..17;  /evidence=""ECO:0000255""",17,0.0010740126,0.99623334,0.0013685876,0.0012486253,0.9988505,SP
32,E3S6P9,LAP1_PYRTT,reviewed,Pyrenophora teres f. teres (strain 0-1) (Barley net blotch fungus) (Drechslera teres f. teres),MKSAALLLPLYAAAFAAAAFHHEHAQAVIQEQQLTIVEPDEYLIELSPGETRWVTENEKWELRKKNINFFDITHNAELGTLKRRINAASVEYPSKPVFNETLAPLLKELDKNNMRAHLETFTSFHTRYYKSQYGVQSSAWLLDQVKKTLADAGASKASVKAFPHPWGQSSIIATIPGKSDKTIVIGAHQDSINLFFPAFLAAPGADDDGSGTVTILEALRVLLKSDEILKGEADNTIEFHWYSAEEGGLLGSQAIFQSYEKEARDVKAMLQQDMTGYVQKTLDAGEPESVGVITDFVDPGLTEFIKKIITVYCDIPYVLTKCGYACSDHASASKAGYPSAFVIESDFKYSDNKIHTTEDKIEYLSFDHMLQHARMTLALAYELAFAEFK,389,"SIGNAL 1..18;  /evidence=""ECO:0000255""",18,0.0009658816,0.99671966,0.0011930673,0.0010502844,0.998963,SP
33,B2WMR5,LAP1_PYRTR,reviewed,Pyrenophora tritici-repentis (strain Pt-1C-BFP) (Wheat tan spot fungus) (Drechslera tritici-repentis),MKSAALLLPLYTAAFAAAAFHHEHAQAVIQDQQLTIVEPDEYLIELSPGETRWVNENEKWELRKKNINFFDITHNAELGTLNHRINAESVKYPSKPVFNETLAPLLKELDKNNMRAHLETFTSFHTRYYKSQYGVQSSAWLLGQVNKTLADAGAINASVKAFPHPWGQSSIIATIPGKSDKTIVIGAHQDSINLFFPAFLAAPGADDDGSGTVTILEALRVLLKSDEILKGEAENTIEFHWYSAEEGGLLGSQAIFQSYEKEARDVKAMLQQDMTGYVQKTLDAGEPESVGVITDFVDPGLTEFIKKIITVYCDIPYVLTKCGYACSDHASASKAGYPSAFVIESDFKYSDKKIHTTEDKIEYLSFDHMLQHARMTLALAYELAFAEFK,389,"SIGNAL 1..18;  /evidence=""ECO:0000255""",18,0.00109058,0.9962948,0.0013542608,0.0012172086,0.99886626,SP
34,E3RE00,VPS10_PYRTT,reviewed,Pyrenophora teres f. teres (strain 0-1) (Barley net blotch fungus) (Drechslera teres f. teres),MKHLKGLLLPALLALASSAAAKDPLVETTPFKNELVNLMYFDDSGVALVQELDNGKIFRSHDAGKGWKEIKNVKGLGIMKSPYDNKVALILGEKKHWITFDQGENWDSFETELPPSPQSPVGWHAQDNKKILLNEIENCFTAPCLGRTYYTTDGFKTDPKVLVDNRRMCQWAKASERFLQGMDKHDDRILCITRGKYSDRSKDFRLLMSDNFFKETEEPVMSSGRTVQGMANMAAVKGYIVAAAKAEHSSELALYVTQDTDSWHHALFGDHKIEEDAYTILESTNYSIQVDVMTSKYVTMGNLYTSNSNGTYFTKNVEHTNRNEAGYVDFEKIANIQGVVLVNTVDNYKEVEKSGQSKKLKSRISFDDGRSFEKLTVKGKDGELHLHSVTNLHNSGRVFSSPAPGIVMGVGNTGEFLGKYTDGDLYVSDDAGLTWELALEEAHKYEFGDQGSVLVAVFDEGDTDEIRYSFKHGRKDSWQKIKLDYKIRARELTTLPDSTSLKFIVYASRKKDGGGREHVIVHLDFSDILKKCGDSDFDDEWSVRKDADGDPSCVMGHKQLFRRRKWDAECSIGELFKDPVPKFKPCDCDKFRDYECDFNFTPAGEGKEKKCEPGESFSLPKGACDGDAKSYKGSSGWRKIPGNQCKGETERDKQVERECKDAERPRPKTDKITSEITKFKGSNFMEQYYLERNTQSDGKDNERDKDETVVMLTDERTAYITHDHGKKWKKAVDDEIVRIYPHQYETNNVYFLTASKKVYYSKDRGLHDSINSFEAPVMPNTDMLPIMQFHPKQKDWIIWLGGKNCEKVGNKDCHTVAYVSQKNGEDSSWESLVPFVKKCAFVWREAGRSVKEEQVFCEQHTNEEKNAPLELISSDDWFKKKDVKFKSVVEFATMSEFIIVATKAEDNTLRLDASLDAHTFAEAKFPPKFFDIHQTAYTVLDSSTHAVFLHVTVNPQRDQEYGSIIKSNSNGTSYVMSLAAVNRNSEGYVDFEKMQGLEGVAVANVVVNVDEVNKGSKKKKQSRITHNDGADWEPLQAPEKDSDDKPYDCDVANREKCGLHIHGYTERADPREMYSSPTAVGLMLAVGNVGPELSTFGEANTFMTTDAGITWKEIKKGTYAWEFGDQGSVIVIVRRGEDTDHVYYSTDSGAKWDLYQFADHKMRVEAITTVPSDTSLNFLLWGKDSKELFAVNLDFSGLPEFQKECKLDEHDPTKGDYDLWSPQHPLQQDEPECLFGHVAQYHRKKRDVKCRNGQRIDQMHDIARNCSCTRRDYECAYNYERDSSGDCVLVPGLSLPDPSKVCSNKNVKEYYANTRFRKIPLSTCQGGTEYDKTGDVHPCPGFEEDFQKNHGVGGFTLFLAIVLPFAAAGGVGYWVWRNWDGKFGRIRLGEPGGGSAFDSDAPWVRWPIAAVSGLVAVIAALPLVVGSVWRWVAGRMGGGGGAGGYAGLGGSGYGRAYTSRSSFARGRGEYSVVDPDEGELLGDEESDEDV,1490,"SIGNAL 1..21;  /evidence=""ECO:0000255""",21,0.00076077564,0.9969309,0.0012262553,0.0010054564,0.9991626,SP
35,B2W791,BGALB_PYRTR,reviewed,Pyrenophora tritici-repentis (strain Pt-1C-BFP) (Wheat tan spot fungus) (Drechslera tritici-repentis),MKTIAGLSWISALSSLASLPNGLGVSAQNNTPSTWPLHDNGLSDVVQWDHYSFKVNGKRLFVFSGEIHYWRIPVYEVWEDLLEKIKAAGFTAFAFYGNWAYHSANNKTLDFESGAHDFSKLFEIAHRVGLYVITRPGPYVNAEANAGGFPLWLTTGAYGKLRDDDPRYLQALDPYFSKFSELTSKHLVTNGGNALVYQIENEYGEQWKDRTKKIPNDAAGRYMQALEDSARANGIEIPLIHNDPNMNTKSWSKDYAPGAVGNVDVAGLDSYPSCWSCNLAECTGTNGKYVAYQVVNYYDHFKEVSPTQPSFFPEFQGGSYNPWGGPEGGCPGDIGADFANLFYRNLISQRVTAVSLYMMFGGTNWGAIAAPVTATSYDYSSPISENREIGAKFYETKNLAMFTRVADDLTVTDRLGSSSSYTTNPAVTASELRNPITKAAFYVTIHSVSSSSTTESFKLHISTSVGNLTIPQHSGSIVLNGHQSKIISTDFAMGNKTLTYSTAEILTYALIDSSPVVVLSTDVGGSVEFHVKGATKGSLASSGFTSNATFRAEAGGVTTNIERVTGMGVYQFNNGVKVVLADKPTAYLFWAPNLSNDPFAPVDQSVLIQGPYLVRGAALDGDVVALKGDVKNSTTIEVFAHETALTLSWNGKKLETSRTPYGSLKAQISAFNGTIPLPSLNDWKVNEGLPEKMPEYDDNGAAWVVANHTTTPNPTKPDTLPVLYVDEYGFHNSFHLFRGYFEGSATGAQLSVQGGLAFGWSAWLNGDLVGSWLGNTTLGVGNMTLSFANATVHANGTNVLLIAQDNTGHDLRGGATDPRGILRATLDGADFTSWKIAGEAGGENIQLDPVRGPLAEGGLTAERLGWHLSGFSDCDWASASPSTGFSGADIKFYRTTFPLDIPEDVDASFAFILNATGPKTVRVQLFVNGYQYARFNPYVGNEVKFPIPPGILNYAGDNVIGLSVWAQGNDGAKVDVEFVQEYAVESSWSSRFDSEYLRPEWTEERLAYA,1009,"SIGNAL 1..27;  /evidence=""ECO:0000255""",27,0.00080769026,0.9966563,0.0013094305,0.0011225363,0.9990883,SP
36,E5A0U8,ECM14_LEPMJ,reviewed,Leptosphaeria maculans (strain JN3 / isolate v23.1.3 / race Av1-4-5-6-7-8) (Blackleg fungus) (Phoma lingam),MRQPTFAALSLLLVAPSLVAAVPHDSTSTSTSTSTRSPSYDPDSTAAHDTTTPHTPPSPWRRLSEAIIRRIGSLPHENHLQKSMLALATGPSSRAPGKQWVAHYGGDVVLRFKMQTADEARALSQAAATLFLDVWEFNEDWADIRLAKDVLPSLLGLLPRSLHASYEPLMQDAALVQAIFDTYPSSSASPSHNTNRFSPNLRPSPHHANGHPFFQDYQPLSVIDPWMSLMSSMFTTHVRKINIGISYEGRDIPALRVGVHPTNKDEPTKPRKTVLITAGLHAREWISTSTVNYLAWSVINAYGKDREITHLLEKFDFVFVPTLNPDGYVYTWETDRLWRKNRQPTSLRFCHGIDLDRSFPYQWNGDQMGSNPCSESFAGDAPFEGVESQRFADWARNETESNNVEFVGLLDLHSYSQQILYPYSYSCHDEPPSLEDLEELGLGLAKAIRISRKGHTYKVTSACEGNVAFANKEKTVLPRIESSGGSALDFFYHELRVKYSYQIKLRDTGNYGFLLPKEEIIPTGEEMLDAVLYLGRFMLGEVGWARRRSRSRWSAPDRGTGDFDEAEQVAIEL,573,"SIGNAL 1..21;  /evidence=""ECO:0000255""",21,0.0011847701,0.9960268,0.0014089512,0.0012736573,0.9987094,SP
37,E5A7T3,PEPA_LEPMJ,reviewed,Leptosphaeria maculans (strain JN3 / isolate v23.1.3 / race Av1-4-5-6-7-8) (Blackleg fungus) (Phoma lingam),MPSIVSLTAALTFVGAVIASPVEKRSAFSVEQVPHTTYLKNGPAQKVKTLRKYGKPVPQSLLDAAESRDAVGETFTASAVGDGSDPAVPSDQYDSSYLSPVTVGSTTVELDFDTGSADLWVFSSLQASSQLSGHQYYQADASKLKSGYSWKISYGDGSGASGKVYADKVVVGGVTATSQAVEAATSVSAQFSRDSNTDGLLGLAFSSINTVSPEPQKTFFDTVKPQLAEPLFAVNLKYHAAGTYDFGYIDKSKYTGPITYVNVDDSQGFWGISATAYGVGGTTTQRAISGILDTGTTLVYTDTAIVKAYYAKVSGAKLDNIQGGYVFPCSATLPNFSITVGGVAQVVPGKHINYSPVDSSGTTCFGGIQTNDGLGMSIFGDIFLKSKYVVHEAAPDSPPRIGLAQSASV,409,"SIGNAL 1..19;  /evidence=""ECO:0000255""",25,0.00090865727,0.9966987,0.0012018271,0.0011155077,0.999016,SP
38,Q0V6Q5,PHMC_PHANO,reviewed,Phaeosphaeria nodorum (strain SN15 / ATCC MYA-4574 / FGSC 10173) (Glume blotch fungus) (Parastagonospora nodorum),MLSSILLTIFCAFLSSTGAANVADWNSLNKTLKGQLKGATPLASPCFSQVNAYEETQSEDCATAIGQQCLLDSSDPSSIKAYANVSCNQGSVPSYYIQVKSAEEVKKAFAFAARTQTAISIKNSGHDYNGRSSGAGSLSLWTRKLQELKYEPSFVPQQCGRQAGVAAITTGAGINFDQVYTFAHEKGVTYLGGSGPTVGASGGWVMTGGHGVLSRVYGLGVDRVLEFEVVTTDGVTRIANACQNQDLFWALRGGGGGTFGVILSTTTRVEPKLSIAVAFIALPANTSQQVLAEWTSLAINSTIKWAADGWGGFQGSGITLLGTPLLSLAQAESSMAELAQFAKRNGGSVAVELLSDFYDMYTKYYITNVQAGGSALFSHNWMIPSRAYANAQGRKQLQDHMDWMSSVGLNPGFLATTPYVYSGVAKQCGTFDAFGWMGL,439,"SIGNAL 1..19;  /evidence=""ECO:0000255""",19,0.00080698106,0.99703044,0.0010979659,0.0010023464,0.9991308,SP
39,B3V0K8,CL401_COCLU,reviewed,Cochliobolus lunatus (Filamentous fungus) (Curvularia lunata),MKYSLIAALPALAAASPTFSTETIHKQSAPVLSSTSAKEVPNSYMVVFKKHVKDASKHHDWVQSVHSKNTQERMELRKRSSDLPVSNEVFAGLKHTYELSGLKGYSGHFDDETLEAIRNHPDVDYIERDSEVRILGGDEPETENNSPWGLARISHRDSLSFGTWNKYLYAADGGEGVDVYVIDTGTNVDHVDFEGRAKWGKTIPNGDADEDGNGHGTHCSGTVAGKKYGVAKKAHVYAVKVLRSNGSGTMSDVVKGVEFAAKSHSEAVSAAKNGKKKGFKGSTANMSLGGGKSTTLDMAVNAAVDAGLHFAVAAGNDNADSCNYSPAAAENAVTVGASTLLDERAYFSNYGKCNDIFAPGLNILSTWIGSKHATNTISGTSMASPHIAGLLAYMLSLQPAKDSAYAVADITPKKLKANLIAIGTVGALSDVPSNTANVLAWNGGGSSNYTDIIEKGGYTVKKAASKEEEKESEFRITIPSLSELEDDFEKAKESAGRKAHHVGGKL,506,"SIGNAL 1..15;  /evidence=""ECO:0000255""",15,0.0013780463,0.9956436,0.0015303307,0.0013690286,0.99854296,SP
40,Q0UCJ2,NPIIA_PHANO,reviewed,Phaeosphaeria nodorum (strain SN15 / ATCC MYA-4574 / FGSC 10173) (Glume blotch fungus) (Parastagonospora nodorum),MKVSSQLAVAALASFATAASVDVHKRETPLSVKLAASGNSEVKVTLTNNGEKTLNLLSKGTFLDEQLPVEKVQMYAAGGSDKVAFEGMKVRLLTSGLKADDFVTLAAGETKEITVETAALHSLHEGGDFDVFAKGALPFAEGASTELAGALDYESNKLSMTIDGAQAASVAKALNKRTAIGSSCTGTKLSTVRTALSNCARLANAAASAATSGTKLTTYFKTTSSASTVAARLRAVASDCGSTSSRTTTNCNDPYSGCSSNVLAYTVPSANFITYCPIFFSALPALASTCHGQDQATTALHEETHAPGVYSPGTQDNGYGYAAATALSANQALNNADSYALYANAINLNC,350,"SIGNAL 1..18;  /evidence=""ECO:0000255""",26,0.00095420424,0.99652654,0.0012562964,0.001169982,0.9989528,SP
41,Q0UHZ9,ELCF_PHANO,reviewed,Phaeosphaeria nodorum (strain SN15 / ATCC MYA-4574 / FGSC 10173) (Glume blotch fungus) (Parastagonospora nodorum),MKLFTLLLPALTSAHSLSTLLSTHPTLSTLHSLLKQFSLLDDFNTLANITVIAPTNQAYLDLANWGFNVSQIPAPVARALFQYHVLDGEWESESIIGKGKVVHTYLKPPVLTNVTAGAAVKLSSVDGTIMTESGLGVAGGVEDVNLRFDGGVLHTLNASMVLPHNITLTAQINGLGRFLELMNRAGVVAEFEGLKDVTVFVPHDDALEKADVGKMSKEQLASLLRGHVVPNRVLYGEVFGKKGGYKSSNGWEIHVGKTADGTLTVNGIKVVKEDVILYAGVAHVIDKVLVADRVEHKGDRSYLHLDAQKPLR,312,"SIGNAL 1..16;  /evidence=""ECO:0000255""",14,0.0007924062,0.9972256,0.0010100923,0.00089743256,0.9991331,SP
42,Q0V1R1,CBPYA_PHANO,reviewed,Phaeosphaeria nodorum (strain SN15 / ATCC MYA-4574 / FGSC 10173) (Glume blotch fungus) (Parastagonospora nodorum),MRVAASALLAGAASAAVAPQQQILKFPSSFSELKEDLWSKPLHNLEESLKSLTGEAKATWDEVATMYPESFDKAAFFSTPKPHTRKHDSEWDHIVKGADVQSVWVENAQGEKEREIDGKLEQFDLRVKKVDPSVLGVDKVKQYSGYLDDNEEDKHLFYWFFESRNDPKNDPVVLWLNGGPGCSSLMGLFMELGPASVMKDGKLKHNDYSWNANASVIFLDQPVNVGYSYSSGSVSNTVAAGKDIYALLTLFFKQFPEYSKQPFHISGESYAGHYIPVFASEILSHKKRNINLQSVLIGNGLTDGLTQYEYYRPMACGEGGWPAVLDESSCQAMDNAYPRCASLIENCYKSESVWSCVPASIYCNNAMIGPYQRTGQNVYDVRRPCGDNQLCYDEIDYISAFLNKKEVMKAVGAEVSSYDSCNFDINRNFLLQGDWMKPYHRVVPGLLEEIPVLVYAGDADYICNWLGNKAWTEALEWKGHEEYKKAEMKDFKIDGDGKKVGEVKSSGNFTFMKIHAGGHMVPFDQPEASLEMVNRWLSGEFWE,543,"SIGNAL 1..17;  /evidence=""ECO:0000255""",15,0.0008323806,0.9971471,0.001030789,0.00092486537,0.9991028,SP
43,A0A3G1DJF7,MFR7_PHOSM,reviewed,Phoma sp. (strain ATCC 20986 / MF5453),MTKPFILLVPGSFAPETIYASTIAHLRTLGFPAVALRLPTTTKRMPLPAATMAEDADVIKRSVEAVLATGQEVVVVCHSYGGTPTTQALGELGEKKGVRRVVYLSAIIPRVGESNNDAMGGKKGELAFEMTEGYMHIDATTFAPAVCNDLSWDLAYEHTLNLAHHSGASFLEPATQAGYLDIPVSYIFCEKDMVVTPEKQSGFIDVVKEATGKEVHVVKLDAGHCPNWSMPEKLGDVIAEMAGM,244,"SIGNAL 1..20;  /evidence=""ECO:0000255""",0,0.99238527,0.0035517686,0.0022364731,0.0017968796,0.0075851213,Other
44,P29292,CUTI_DIDRA,reviewed,Didymella rabiei (Chickpea ascochyta blight fungus) (Mycosphaerella rabiei),MKFFAFSMLIGEASPIVLALRRTTLEVRQLDPIIRSELEQGSSSSCPKAILIFARGSTEIGNMGVSAGPAVASALEAYGADQIWVQGVGGPYTADLPSNFLPGGTSQSAINEAVRLFNEANTKCPSTPIVAGGYSQGTAVMAGAIPKLDAVRARVVGTVLFGYTQNQQNNKGIKDYPQEDLQVYCEVGDLVCDGTLIITVSHFLYLEEAAGPAPEFLKSKIGA,223,"SIGNAL 1..19;  /evidence=""ECO:0000255""",19,0.04599849,0.9506712,0.0017004643,0.001532075,0.95390373,SP
45,E5A7I6,CBPYA_LEPMJ,reviewed,Leptosphaeria maculans (strain JN3 / isolate v23.1.3 / race Av1-4-5-6-7-8) (Blackleg fungus) (Phoma lingam),MKVATSALLVGAVSASVGPQQQVLKFPDSFSELKEGAWSKPLHKLEESLKTLTGEARAVWDEVAMMFPESFEKAAFFSEPKPHTRKHDSEWDHIIKGADIQNVWVENKNGDKEREIDGKLENYSMRTKKVDPSVLGVDKVKQYSGYLDDEEEDKHLFYWFFESRNDPKNDPVVLWLNGGPGCSSLTGLFMELGPASITKDGKIKHNPYSWNSNASVIFLDQPVNVGYSYSSGQVSNTVAAGKDIYALLTLFFKQFPEYAEQSFHISGESYAGHYIPVFASEILSHKKRNINLQSVLIGNGLTDGLTQYEYYRPMACGEGGWPAVLDESQCKAMDNAYPRCASLIENCYNSESVWSCVPASIYCNNAMIGPYQRTGQNVYDIRKPCGSNSLCYDELDWIQAYLNKKEVMKAVGAEISSYESCNFDINRNFLLQGDWMKPFHRIVPGLLAEIPVLIYAGDADYICNWLGNKAWTEALEWPGQKDYNKAEMEDFKIDGKGEAVGQVKSSGNFTFLKIHAGGHMVPYDQPEASLTMLNRWLAGDFWA,543,"SIGNAL 1..17;  /evidence=""ECO:0000255""",15,0.00081838015,0.9971374,0.0010249639,0.00091107737,0.99907345,SP
46,B2WKF1,CBPYA_PYRTR,reviewed,Pyrenophora tritici-repentis (strain Pt-1C-BFP) (Wheat tan spot fungus) (Drechslera tritici-repentis),MKVATSALLIGAAAAQQQQILKFPDSFSELKESSWTKPLQNLEESLKSLTGEARATWDEIAMMFPESFEKAAFFSEPKPHTRKQDSEWDHIIKGADIQSVWVENEKGEKEREIDGKLEQYSLRAKKVDPSVLGVDKVKQYSGYLDDEEEDKHLFYWFFESRNDPKNDPVVLWLNGGPGCSSLTGLFMELGPASITKDQKIKHNPYSWNSNASVIFLDQPVNVGYSYSSGSVSNTVAAGKDIYALLTLFFKQFPEYSHQSFHISGESYAGHYIPVFASEILSHKNRNINLQSVLIGNGLTDGLTQYEYYRPMACGEGGWPAVLDESQCKAMDNAYPRCASLIENCYNSESVWSCVPASIYCNNAMIGPYQRTGQNVYDVRKPCGSNSLCYDELDWIQGYLNKKEVMKAVGAEVSNYESCNFDINRNFLLQGDWMKPFHRVVPGILEKIPVLIYAGDADYICNWLGNKAWTEALEWPGAKAYNQAKMEDFKIDGDGKTVGQVKSSGNFTFMRLHAGGHMVPYDQPEASLEMLNRWLGGGFWKA,541,"SIGNAL 1..17;  /evidence=""ECO:0000255""",15,0.0007826956,0.9972018,0.0010156112,0.00090263784,0.99912006,SP
47,A0A348AXY1,TR08_CURCL,reviewed,Curvularia clavata,MTKRESNTLAVLGCGMVFLVSLLDLANRLLGALGTAILSGILASMADQTADDSGRLFTNFTACVRRKETGAAVSDKISSHANANKVEILNKENLRGVKQADAVLLACQTHLYKALFDEPGMREALKKKLIISVLAGVTTAQLEAALGNGEDYFVIRAMPNIACFVRDSATVIEKPQRTFPEALLHVTDTVFKAVGNVFYIQPSAYDICTALCGSSPAFLAVFIDSMVDGAVAMGLSHKDAVDMAACTMRGAASLVLESGNPWTIRHQVASPGGSTMQGLLALEQGNVRSTISNALMVAAKEAKKLGSKENA,311,"SIGNAL 1..31;  /evidence=""ECO:0000255""",0,0.90895253,0.034682564,0.03740198,0.018924065,0.09100861,Other
48,A0A3G1DJI3,MFM10_PHOSM,reviewed,Phoma sp. (strain ATCC 20986 / MF5453),MRFTSTILLRVAVLLSLGGGSQTTSCTPGQPFPIPAYSKTSLQQTFEQIFETVSRSFDNESFHSTNVAIEVTSSQETLWSFYHAAKNQSSQDGSTVIGPDTVFRVARVSKLLTAIAILQLHDQGHISSLYDPINIYIPDLDPSTVQWGRITIWDLLNNVAGILDMYGYADIYTDFSARQRADLNLPPVPEDSLEGMPACQVDKSIPCDSAGLLSWLRSSRAVFEPHRINSNSNVGFSLLGILIERITGIDYERFISQTLIEPLHLNSTSFRPPHKNSGAVLQNDHTWNWDVGVNNPSVGLYSTPRDISTLLRWTLNESPSSLLNWFAPGFYAVGSHSLIGMPWNIFRTTAPLSIPNRPTTFNTVVGTLGPYTSVVVVMPEYDLAVSLMMNGALGHPHDILAKVTFPLVRAADKIALEKVRDNYAGTYKAEPRQKINSSITLSVSPDHGLYISELISNGSSILPVMERLASSKSGGGSNWIFQAVPTFLETKRRRTPHDRVVVNEEWRWTYVLDKPPGEGWNDWCLSSFDPVTYAGEPLTKMVFQKDAKSGRVLSVALSGYNITLPKGVQEAGIFAQLEGTSLDLHAQAGQEVLAG,595,"SIGNAL 1..23;  /evidence=""ECO:0000255""",23,0.0008156028,0.99703276,0.0011070963,0.0009835695,0.99912345,SP
49,P41744,CUTI_ALTBR,reviewed,Alternaria brassicicola (Dark leaf spot agent),MMNLNLLLSKPCQASTTRNELETGSSDACPRTIFIFARGSTEAGNMGALVGPFTANALESAYGASNVWVQGVGGPYTAGLVENALPAGTSQAAIREAQRLFNLAASKCPNTPITAGGYSQGAAVMSNAIPGLSAAVQDQIKGVVLFGYTKNLQNGGRIPNFPTSKTTIYCETGDLVCNGTLIITPAHLLYSDEAAVQAPTFLRAQIDSA,209,"SIGNAL 1..?;  /evidence=""ECO:0000255""",14,0.045805477,0.9487057,0.0028891747,0.002552925,0.95414776,SP
50,A0A3G1DJE8,MFM1_PHOSM,reviewed,Phoma sp. (strain ATCC 20986 / MF5453),MLRMKKICTAFLTIALCTHVLAHDDTEMKDPNRVSQEQRERKVEYGTYTVPPRNQDNGMFRLKRDVDPPCTNCVITVMSANLEYSNGTTADAENGMWLHHILFYNKANRDDICGEKKPGQRFFGSGNDRTPLDLTDGGKNKLGYHIGHNDQFFISVELMNMHFSSQDVVLTAHWKFVEEPYSEYELGTPYWFDVASCGRSDVPATNNAIFNFISPPVRLDFHGQLAYLSNHVHDGAYLHEVKKNGKIICSVNPQYSSDDGADGIVHLSHVPPCSNAGPVAPGDEVSLTASYDTTKYAPMINEDGTLEPVMGVTLAYIVKGTAPVASDSGGRFYFVVPIAAIAFIALTIGAGYVFYSARQKKEWPKWLSRRQKYQSVGTEDEAFLAR,386,"SIGNAL 1..22;  /evidence=""ECO:0000255""",22,0.0007679599,0.99712926,0.0010820203,0.0009635715,0.99917483,SP
51,Q0UNS4,M28P3_PHANO,reviewed,Phaeosphaeria nodorum (strain SN15 / ATCC MYA-4574 / FGSC 10173) (Glume blotch fungus) (Parastagonospora nodorum),MRSSMFFAVCAAAALQTALSSPIHPRHAHQSFPNTEQWPIATVGKALKQQLPDEELQGILSQVSQDNIEATIRKLASFGTRHTLSSQTDPARGIGAARTWLTEQFQEAADASEGRMTVDWNSFVKYPGDNERIIFPVNITNIVTTLKGSEDPDRLYVTGGHYDSRNSNPIDYQGDAPGAVDVSNSCYTNWVWEDASGVAVSLELARIFAKYQPKTTIVFTAFAGEEQGLLGAENLAQTYKNNSVNVAGMINLDMVGNSKAEDGTSDPYNIRLFCQGTPLTENSTTTTSRLSIGGDNDSPARNLGRHIYEVASNAFTEMTVRLIYRLDRYSRGGDHRPFLEAGYTGVRFVQPNEDYTQQHQNVTVRNGKQYGDLVEWLDFEYNTRAAKVVASTMWSLANAPGEPMNVGINTTTSDNFSQFKWTAPKGLPVEGYEIVYRETLEPHWTSVIEVGDVNWYNLTSATIHKDNVIFGVRSVGKGGYRSPAVLPFPFGCTRNC,496,"SIGNAL 1..20;  /evidence=""ECO:0000255""",20,0.0009215654,0.9966912,0.001226447,0.0011108692,0.9990285,SP
52,M2URK9,OBLC_COCH5,reviewed,Cochliobolus heterostrophus (strain C5 / ATCC 48332 / race O) (Southern corn leaf blight fungus) (Bipolaris maydis),MRSVTSLVSFSACLLASSVTAADTPLTVNGKKFYSQDIITRDVVVVGGGSSGCHIAVRLQDAGKSVVVVEKSARLGGHVATYTDPATRKTAEQGLVTFHNTTHVTDYLTRLDIPLAPISFSPSTNFDYDLRTGKPVNRTYNPTQEEFAAGFAGYSAQLAKYPQLNDGTFLPYPVPEDLTMPFGKFLEKYNLTGALMQMYNFNWGTGNFLTNPTVEQMRYWGANTVAAVTTGKFLVTARHNSSEIYTKVGNVLGATSSVLLNSEVTYTRRSEGKTGVQLIVKTPEGSKLLVAKKLVIAIPPKLDFVAPLDLSKTEKDLFGKYIDAGYYVGMVRNTGIPARTLITNSAQDTPYNLPVLPAVNIMNPTAIDGVWTVFSSSLQSKASFPWADDAVKADIIRSIKALQTANPDKFQQTEPEIIEWHSHAPYFLQVSSEEIKNGFYAKLYALQGLRNTHFTGAAWRVHDSSQIWKYTDTQVLPKLLAGL,483,"SIGNAL 1..21;  /evidence=""ECO:0000255""",21,0.0007749585,0.9971401,0.0010533042,0.00094250357,0.999136,SP
53,Q0TZN8,NPR3_PHANO,reviewed,Phaeosphaeria nodorum (strain SN15 / ATCC MYA-4574 / FGSC 10173) (Glume blotch fungus) (Parastagonospora nodorum),MALPLPPASNLHSILLVTKSRSLGPRLVFHYPPLSPSAAALAGAKDPAWYRHDVSTASIGSGSSDSEWDSSTATDDDNDVEIGSRTSGGRGSGRTLTGASFRDRDRSKLGTEVWNKQETIDEDDPDDEDGDRNGRNRRRGGDYDWDTVLGFKTDALEKMLSPGKEFNKRRFELGVESIVFVGAPMFVREDGLWKKLKRRKKKRSDKEKLDDADFVKNLTISEEDEEADTVDEIPVKSKPEPFVYPEGFEPGYGHGSISSGPSGAPSEAGSDARSNSTSQDNNPDMNMFNVVFVLNPPALEYQQRVKEMYDNVTRKYAKALKYEEARFQYVWKESKRIIDLKQRAKESNESLTSTWRKIISTSPLAKSIAIMFDAISHDKIAHIHFDATFNTSFQIPQADSTPYLPTALEPQMPGLWLTTSNVVLADDESPMTQHAALLLLEDTETLIKDLGGEVTGNAAAIAFYIRNIIPTKSLLKISKRHNISAHDMEYIASHLVYWRRARLIAPLSPRDTYIVSPNADFSLLPSAVTAYAQRFPTLPTLPKVLNMLSGTPRPFRNFIPTTEHREAYMDILAWLMRGGWVTQLRTFAWVRVTPEIKAKVAAEMEREERIKKAEEARKELLSDNESVAESLLSDKRSSLLSAGTVRSSTPLRMAHRDRGTGGLGEEDMHHSTILSPRITASAAPSYRGSPTRASSDAGSTSSQRTTIALSSSQRPDSPSRLGVRDVKPHRPSPLHLHPTSPSRGSAVSLASPTATSPPPSPKDFKPSIVYSPQKATSLEARWLEKIGQSFEDVGNIIPTPNPSPPKGQDGGMFGITGKELREAWPILLKHLDGRHAIEDVAPRENMKRKRVAAMYNTIKERGWLVVVRHW,870,"SIGNAL 1..?;  /evidence=""ECO:0000255""",0,0.9924305,0.0036334072,0.002163857,0.0018055148,0.007602779,Other
54,A0A3G1DJF1,MFL1_PHOSM,reviewed,Phoma sp. (strain ATCC 20986 / MF5453),MRESFASLLATGAGKLALSLLFAATPFTSAYTFNQVPSPNLDISNLGRIAFAGDFDSISLYEYEGQTQETPSRNGTLLSRYPNGVFASINTTDADIKAMCNLRINDTERIVFAGNFTGVGNMPTPGGIALLNTTDGRVRALDGLDGTVNTLYCDKSGGQVYVGGLFNGLNSSNAIIWKDGWQELDFNGFNGAVHSIAQAAGGNIIFGGEFTGIGRGNASVASENATQIIPISSANISAQTNSGLPGFTDPKVIACKSDYSSGGAGQTWLLANNAPGFWKADFGFGFEPTRLKMYNTDFEGRGTKTFRFTALPDGGIMNMSYVDPSNGRTAYCDARCPLPQGNKTAQDFTFVNVVGMNSFRVDISEWYGSGAGLNGIQLFQDAMFSYAVNDFNEAQNCGASGTLSKASSTGNWQVSPSHNSNSQYLTTVLQGDPIRPDAASVTFSPDIKQSGNYSVTIYTPGCQGDGTCGSRGRVNVTATIGQGQSEEAILWQTNNFDKYDEVYNGYIDAAGGFQPSVILRPASGQGPGPLTVVAQRVRFTLLKATSGNINGLFEYKPGEKLDENNLADSVINAAGASLDPRGKALITSVSSSGQNLYVAGNFSNNDGRNNIFSFKQGASDPTALPNRGLNRQVMTLYQNDSMLYVGGNFTNTGEGNVQGLNGVAALVNDKWQPLGAGVNGVVLYLVPFSLNVTANQPEQVLAVSGFFDSVNEFNGNPSTNVQDFAVWVPSRSNWLHNLDFFTLAMSGRLMTFADVPGGERWFGGSVSSGSLLASGTAELNNGDDALSLEAFPVNLQAQQSGEAGVPSRKRAILEGQDMSTTGVRTGKFHTEGNNNMTILAGHFSTTGTDQQNITNLVIVDGGDSDKITGFSDELDANSTFTALAVTSNNILFAGGMVTGRLDNSRVAGLVTYDLTAKRFTPVQPPPLQGPNITVNAIAPRPNSNDVFVAGQFLTAGSLGCAAVCIWNTERNQWNSPGNSLSGVVSSLTWISDTQMYISGNLTSGDNVTTILSFNPSNNQFTAIPGAINLPGPVNALTIANEDGSQFWAAGQGSDGTAYLQRYNGEQQWMPVDSALFGPGTDIRGIQVIQVSENHESSDLISDNEDLLLMGQIQIPNFGTVSAALFNGTNLVPFLLATKGADGQTTDGSLSSIFVEFPAFFSQQNGKHLALWAIVLIGLAIALVLTFLLVVAGILLEWYRNKAKGYSPAPQSYPDRMGNVGRLPPEQLFGTLSVPRSRPTNYLFTCTALCIGMDVPTIHRRCNPVAHHKQLPAWTEQVRTEQTTETRPAINEDGCGTSIGGLLFRLPFSRARRISGDDVFDTILACSS,1327,"SIGNAL 1..30;  /evidence=""ECO:0000255""",30,0.0008881359,0.99627763,0.0015717534,0.0011623816,0.9990118,SP
55,P49426,EXG1_COCCA,reviewed,Cochliobolus carbonum (Maize leaf spot fungus) (Bipolaris zeicola),MRFSSLLACLGAVGIQAAAIPFQRRVDNTTDSGSLDAAQAAAAIVDGYWLNDLSGKGRAPFNSNPNYKVFRNVKDYGAKGDGVTDDSDAFNRAISDGSRCGPWVCDSSTDSPAVVYVPSGTYLINKPIIFYYMTALIGNPRELPVLKAASSLQALALIDGSPYSNQNGEPGWISTNLFLRQIRNLIIDGTAVAPTSGFQAIHWPASQATTIQNVKIRMTQASNSVHAGIFVENGSGGHMADLDITGGLYGMNIGNQQFTMRNVKISKAVVGISQIWNWGWLYSGLQISDCGTAFSMVNGGSAGKQEVGSAVIIDSEITNCQKFVDSAWSQTSNPTGSGQLVIENIKLTNVPAAVVSNGATVLAGGSLTIQTWGQGNKYAPNASGPSKFQGAISGATRPTGLLQNGKFYSKSKPQYETLSTSSFISARGAGATGDGVTDDTRAVQAAVTQAASQNKVLFFEHGVYKVTNTIYVPPGSRMVGEIFSAIMGSGSTFGDQANPVPIIQIGKPGESGSIEWSDMIVQTQGATPGAIVIQYNLNTALGSGLWDVHTRIGGAKGTNLQVAQCPAVLGQVKPECFSAHTNVHVTKGANGAYFENNWFWTADHDLDDADSTRINIYTGRGFHVEANNVWIWANGAEHHTMYQYQFNAAQDIFAGYIQTETPYFQPTPIAPLPYVSSSKYSDPVYSSSQTSAWGLRLLDAKNVLIYGGGLYSFFDNYDVGCSSPTAPNGFRDCQTRILSIEGSTSVQAFGFSEVGVEWMVTAAGQDKANWKDNLSVYPTTIGYLSYGF,788,SIGNAL 1..42,25,0.00094729324,0.9966013,0.001236315,0.0011513659,0.998989,SP
56,B2W572,M28P3_PYRTR,reviewed,Pyrenophora tritici-repentis (strain Pt-1C-BFP) (Wheat tan spot fungus) (Drechslera tritici-repentis),MPDEDLQDILSQISRDNIESTIRKLVSFGTRHTLSSQTDPVRGVGAARTWLTAKFQEAADESEGKMTVDWNSFIKYPGDNERIIFPVNITTIVATLKGSEDPDRYYLTGGHYDSRNSNPIDYQGDAPGAVDDASGVAVSLELARIFAHYKPKSTIVFTAFAGEEQGLLGAQNLAQTYKNASVNLAAMINLDMVGNSKAEDGTTDPHNIRLFCQGTPLTENATTMTSRLSIGGDNDSPARNLGRFIYEVASNVWTEMTVRVIYRLDRYSRGGDHRPFLEAGYTGVRFVQPNEDYTQQHQNVTVRNGKQYGDLTQWLDFEYNTRAAKVVATTMWSLANAPASPTNVGINTTMSDNFSQFKWDAPKGLPVEGYEILYRETIEPHWTNVIDVGNVTWYNLTSATIHKDNVIFGVRSVGKGGYKSPAVLPFPFGCARNC,434,"SIGNAL 1..?;  /evidence=""ECO:0000255""",0,0.99267703,0.0034402858,0.0021079758,0.0017371107,0.0072853724,Other
57,E5R501,M28P3_LEPMJ,reviewed,Leptosphaeria maculans (strain JN3 / isolate v23.1.3 / race Av1-4-5-6-7-8) (Blackleg fungus) (Phoma lingam),MSYVYTSLLLLAEVCEPKMLPTFCTFALCAVPPLRSATASPIHTHYPHAFPDTAQWPLARVGKALEQQLPGEDLQAIISEISQANIEATIRKLASFGTRHTLSSQTDPERGIGAARTWLTAKFQEAADASEGRMTVDWNSFIKYPGDNERIIFPVNITTVVATLKGSEDPERLYVTGGHYDSRNSNPIDYQGDAPGAVDDASGVAVSLELARIFARYRPKASIAFTAFAGEEQGLLGAEHLAQTYKNNSANVAGMINLDMVGNSKAEDGTSDPNNIRLFCQGTPLTEDDTSAISRVSIGGENDSPARNLGRHIYEVASNAFTEMTVRLVYRLDRYSRGGDHRPFLEAGYTGVRFVQPNEDYTQQHQNVTVRAGKQYGDLVEWLDFEYNTRAAKVVASTMWSLANAPDIPRNVGSNVTTSDNFSQFKWEAPVGLPPEGYEIVYRETIEPHWTSVIEVGNVQWYNLTSATIHKDNVIFGVRSVGAGGYRSPAVLPFPFGCTRNC,502,"SIGNAL 1..17;  /evidence=""ECO:0000255""",39,0.09901138,0.8977052,0.0017357732,0.0014701283,0.9009111,SP
58,E3S5D4,M28P3_PYRTT,reviewed,Pyrenophora teres f. teres (strain 0-1) (Barley net blotch fungus) (Drechslera teres f. teres),MRSASTLAVCAATLLQIACSTPIHPFHARSHQSYPSTEQWPLPVVGKQLEHQVPDEDLQEILSQISRDNIESTIRKLASFGTRHTLSSQTDPVRGIGAARTWLTAKFQEAADESEGRMTVDWNSFIKYPGDNERIIFPVNITTVVATLKGSEDPDRYYLTGGHYDSRNSNPIDYQGDAPGAVDDASGVAVSLELARIFAHYKPKATIVFTAFAGEEQGLLGAQNLAQTYKNASVNLAAMINLDMVGNSKAEDGTTDPHNIRLFCQGTPLTENASTTTSRLSIGGDNDSPARNLGRFIYEVASNAWTEMTAGYTGVRFVQPNEDYTQQHQNVTVRNGKQYGDLTQWLDFEYNTRAAKVVASTMWSLANAPAAPTNVGVNTTMSDNFSQFKWDAPKGLSVQGYEILYRETIEPHWTNVIDLGNVTWYNLTSATIHKDNVIFGVRSVGKGGYKSPAVLPFPFGCARNC,465,"SIGNAL 1..20;  /evidence=""ECO:0000255""",20,0.0011819634,0.9908325,0.0066102976,0.0013157713,0.99875855,SP
59,E5A6Z0,M28P2_LEPMJ,reviewed,Leptosphaeria maculans (strain JN3 / isolate v23.1.3 / race Av1-4-5-6-7-8) (Blackleg fungus) (Phoma lingam),MGIGLVRPAPEEEIQAMVEEISASNIEAIITKLVSFGTRHTLSQQNSSTYGIGAARDWIAAEMRRYAGDSEGRMSVVVQSYVQPVASRIPFPVRISNVVATVRGSEEPERVYVMTGHYDSRVTDVMDYTSDAPGANDDASGTAIAMELARILAKRRPRSTIILAAVAGEEQGLYGAGYLAGTLKNSSTNVEGMLNCDIVGSSTGDRGQRDPFTIRAFAQGPPSYESATVAARRLQIGGENDSPARELARFSAEVAANNVTGMNVAIIYRLDRFLRGGDHTPFLTAGYPAIRYTEPNENFDHQHQDLRTENGTVYGDLIEFVDFKYTARVGKVNLATLWSLSEAPGMPRNVTIDTTVLDNDTRLKWIVSNSTAVASYEVVWRSTTASLWTKMLDVGKVGEVTLPLSKDNMIFGVRSVGINSKKSPAVYPFPG,431,"SIGNAL 1..?;  /evidence=""ECO:0000255""",0,0.9924506,0.0035961505,0.0021713122,0.0017654633,0.0075329263,Other
60,B2W3C7,M28P2_PYRTR,reviewed,Pyrenophora tritici-repentis (strain Pt-1C-BFP) (Wheat tan spot fungus) (Drechslera tritici-repentis),MLFRSALLSNVLLLPACAHDVLFSRDLPLPIAANAESYTDCANAAWPPSNVGVELVPQPPDDELRAMVDEMSAENIEATITKLVSFGTRHTLSTFNSSTRGINAARDWIASEMRKYAAESNGTMTVEVQSYVQGVASRIPFPVTISNVLAKATGSEDPSRVYVMTGHYDSRVTDVLNYESDAPGANDDASGTAIAMELARVLAKHQPKSTIILGAVSGEEQGLYGSTYLAQTLKNTSTNVEGMLNCDIVGSSTGDRGQKDPFTIRAFAQGPPPLSAESSAKAAQRLQIGGENDSPARELARFSAEVAANNATGMKVAIIYRLDRFLRGGDHTGFLQAGYPAIRYTEPNENFAHQHQDIRTENGTVYGDLIEFVDFDFTARVGKVNLATLWSLAQAPAMPRNVTIDATILDNESRIKWIISNSTDVASYEVVWRSTIASLWTHMLDVGKVGYVVLPLSKDNVIFGIRAVGKNGYKSPAVYPFPG,483,"SIGNAL 1..18;  /evidence=""ECO:0000255""",18,0.0010697937,0.99628687,0.0013797649,0.001193983,0.99886066,SP
61,E3RJ99,M28P2_PYRTT,reviewed,Pyrenophora teres f. teres (strain 0-1) (Barley net blotch fungus) (Drechslera teres f. teres),MLFRSVILSNALLLPACAHDILSNLDLSLPIAANAESYTDCANAAWPPSNVGVELVPQPPDDQLRAMVDEVSAENIEATITKLVSFGTRHTLSTFNSSTRGINAARDWIASEMRKYAAESNGTMTVEVQSYVQSVASRIPFPVTISNVLAKATGSEDPNRVYVMTGHYDSRVTDVLNYESDAPGANDDASGTAIAMELARVLAKHQPKSTIILGAVAGEEQGLYGSTYLAQTLKNTSTNVEGMLNCDIVGSSTGDRGQKDPFTIRAFAQGPPPISAESSARAAQRLQIGGENDSPARELARFSAEVAANNATGMNVAIIYRLDRFLRGGDHTGFLQAGYPAIRYTEPNENFAHQHQDIRTENGTVYGDLIEFVDFDFTARVGKVNLATLWSLAQAPAMPRNVTIDATILDNNSRIKWIVSNKTDVASYEVVWRSTIASLWTHMLDVGKVGYVVLPLSKDNVIFGIRAVGTNGFKSPAVYPFPA,483,"SIGNAL 1..18;  /evidence=""ECO:0000255""",18,0.0008804674,0.9469797,0.051067393,0.0010396808,0.9990868,SP
62,C9K7C4,AMT12_ALTAL,reviewed,Alternaria alternata (Alternaria rot fungus) (Torula alternata),MSLLITSLAWGALLDPEVSSASKVALLDAVLEASTLLLRQNGSVRKFLALVAVLCLAEKTGSDNLPALILGSISTAASLSLHLETALRKSCVSNDQAVQTKRAMWILYCIDKSYALRWQTFSLVGDGSLPTTNPPDTALPSEVATTLSLEWLRIRSQYSKICSNILQLGVGAEGEPSENRSNRAVVLSAALEEWYGSVEISQMMLSLEHSDAVHMKLQTSYHYYEARFQLLSISLPDPRSSSPTGSQECREVLRRSIREVITGSNTITSEYLLQDCNHLFIQTLALSMLALDILLESDQGCGKENRALLSIVAGFFARVDIILPQSSIFEEVSNLIEILTYR,342,"SIGNAL 1..20;  /evidence=""ECO:0000255""",0,0.9789189,0.010176087,0.0058731316,0.0050068116,0.02105603,Other
63,Q12639,PELA_PEYPI,reviewed,Peyronellaea pinodes (Pea foot rot fungus) (Mycosphaerella pinodes),MKFSTFVSLGLTAITALAAPTPSMIDVKRDVVKRAASLEDVATAERPLRCRPSASLPPPSRVTRLPLFSSLVLSRALATTSRSAATSPSSDRTARSCLRTSPSPSRVSRMLSFVTLPSRRSSVAMLSPSRRYELVTPKEITTYLHRLQSENVWVDHLDLSSDRDHDKDYYDGLLDITHAADFVTVTNTFLHDHWKASLIGHSDSNGAEDKGHLTVTYANNYLKNLNSRGRPSASAQATSTTTTTRTCRMVSTPARVRSCLFRTTFLSAPRRLFTRLMLDMLLSLATTSVMARTLPRRVL,299,"SIGNAL 1..18;  /evidence=""ECO:0000255""",34,0.0012401396,0.9958145,0.0015148062,0.0013831647,0.9987125,SP
64,O74238,SNP1_PHANO,reviewed,Phaeosphaeria nodorum (strain SN15 / ATCC MYA-4574 / FGSC 10173) (Glume blotch fungus) (Parastagonospora nodorum),MKFSAAVLGFASLASAISVSYDQGYDDAGRSLTSVSCSDGNNGLITKYGWQNQGAVAGFPRIGGYSGIAGWNSAQCGTCYGITYNGNTIYVLAVDHAGDGFNIAKQAMDQLTNGQAAGLGRIDANYQQVATSNCGL,136,"SIGNAL 1..16;  /evidence=""ECO:0000255""",16,0.0009122024,0.9966922,0.0012211436,0.0011268908,0.9990402,SP
65,B2WHK5,LCL2_PYRTR,reviewed,Pyrenophora tritici-repentis (strain Pt-1C-BFP) (Wheat tan spot fungus) (Drechslera tritici-repentis),MTNPTILLTTVLLTLLTTPALAQFGFFDQMFGGGGGQQQGHHHHHEQEAQNVRSDASWYQSQYEGAQCTHYLCPGTLSCVHFPHHCPCSWETVEDKVELGEGIAVCGSKGGWVEGEFGKKVEMARKGLL,129,"SIGNAL 1..22;  /evidence=""ECO:0000255""",22,0.0007677806,0.99713576,0.0010796024,0.0009492814,0.99916464,SP
66,E5A960,LCL2_LEPMJ,reviewed,Leptosphaeria maculans (strain JN3 / isolate v23.1.3 / race Av1-4-5-6-7-8) (Blackleg fungus) (Phoma lingam),MARPYMIFAVLTAWFFGCNAQFGFFDQMFGGGGGGGQQQQQPQNVRSDSVWYQQQYEAAQCSHYLCPGTLSCVHFPHHCPCAWEGVEEKIELGEGIAICASKGGWAEGEFAKKVELARKGML,122,"SIGNAL 1..20;  /evidence=""ECO:0000255""",20,0.00082327035,0.9971401,0.0010555624,0.0009356175,0.99913126,SP
67,E3RT14,LCL2_PYRTT,reviewed,Pyrenophora teres f. teres (strain 0-1) (Barley net blotch fungus) (Drechslera teres f. teres),MSILLTTILLTLLTTPTLAQFGFFDQMFGGNGGQQQQQGHHHHHEQQEAQNVRSDSSWYQSQYEGAQCTHYLCPGTLSCVHFPHHCPCAWEAVEDKVELGDGIAICGSKGGWVAGEFEKKVEMARKGLL,129,"SIGNAL 1..19;  /evidence=""ECO:0000255""",19,0.0007786826,0.99720824,0.0010398485,0.00092934014,0.99917746,SP
68,Q0UAF6,LCL2_PHANO,reviewed,Phaeosphaeria nodorum (strain SN15 / ATCC MYA-4574 / FGSC 10173) (Glume blotch fungus) (Parastagonospora nodorum),MARFTSIVLVLSACFVSSRAQFGFFDQMFGNQGHQQHQEPQNVRSDSSWYQAQYEGAQCTHYLCPGTLSCVHFPHHCPCAWESVEDKAELGDGIAICGSKGGWKEGEFAKKVELARKGVL,120,"SIGNAL 1..20;  /evidence=""ECO:0000255""",20,0.00078155147,0.9971256,0.0010484399,0.0009383783,0.9991124,SP
