yourlist:M202012288471C63D39733769F8E060B506551E120A63EC3	Entry	Entry name	Status	Protein names	Organism	Annotation	Taxonomic lineage (PHYLUM)	Sequence	Signal peptide
P70505	P70505	ADAM1_RAT	reviewed	Disintegrin and metalloproteinase domain-containing protein 1 (ADAM 1) (EC 3.4.24.-) (Fertilin subunit alpha)	Rattus norvegicus (Rat)	5 out of 5	Chordata	MSVAASASRSASTLCSPQIQQGALKEAKVPPHIWAARHWNLGLRLVPGHASVRAGILVLLIFLPSTLCDLGSVYDSSYETVIPERLPGQGSDDPGGKVSYVLLMQGQKQLLHLEVKGHYSERNFPVYSYHHGILGQEVPLLSQACHYEGHIEGVPGSFVSVSICSGLRGVLIKEETAYGIEPLLFSTDFEHILYTMAHQPVVLCNVTPTDSLGDSSQRQGSSKTDELLALSDLWSHAKYVEMFVVVNHQRFQMWGSDVNTTVQAVVDIIALANSFTRGINTEVVLVGLEIWTEGDPIEVPVDLQATLRNFNLWRQEKLMGRVRHDVAHLIVGHRPGANEGQAFLDGACSGGFAAAVEAFHHEDVLLFAALMAHELGHNLGIRHDRPGCTCGPKHLCLMHETISKTSGFSNCSSDHFLRFLHDHRGACLLDRPWHQSHKRRDAHCGNGVVEESEECDCGNACDSHPCCEPTCTLKVGAQCSEGLCCYKCTFKKKGTLCRPAEDVCDLPEYCNGITGECPANSYMQDGTQCDRIYYCSGGLCKNPDKQCARIYGYPARSAPEECYISVNTKANRFGNCGHPTSANLKYEACSNEDIFCGKLVCTDVRYLPQVKPLHSLLQIPYGDDWCWSMDAYNVTDIPDYGDVQGGTYCAPKKVCMESICTGHATLQYDCHPQEMCHGNGVCNNFKHCHCDAGFSPPDCSSGGNGGSVDSGPVGKPADRNLSLFGVGESPDSRMEDEEINLKVVVLVVPIFLIVLLCCLMLIAYLWSEVQEAVSPGSSSTTSSSESESD	SIGNAL 1..68;  /evidence="ECO:0000255"
P17405	P17405	ASM_HUMAN	reviewed	Sphingomyelin phosphodiesterase (EC 3.1.4.12) (Acid sphingomyelinase) (aSMase)	Homo sapiens (Human)	5 out of 5	Chordata	MPRYGASLRQSCPRSGREQGQDGTAGAPGLLWMGLVLALALALALALALSDSRVLWAPAEAHPLSPQGHPARLHRIVPRLRDVFGWGNLTCPICKGLFTAINLGLKKEPNVARVGSVAIKLCNLLKIAPPAVCQSIVHLFEDDMVEVWRRSVLSPSEACGLLLGSTCGHWDIFSSWNISLPTVPKPPPKPPSPPAPGAPVSRILFLTDLHWDHDYLEGTDPDCADPLCCRRGSGLPPASRPGAGYWGEYSKCDLPLRTLESLLSGLGPAGPFDMVYWTGDIPAHDVWHQTRQDQLRALTTVTALVRKFLGPVPVYPAVGNHESTPVNSFPPPFIEGNHSSRWLYEAMAKAWEPWLPAEALRTLRIGGFYALSPYPGLRLISLNMNFCSRENFWLLINSTDPAGQLQWLVGELQAAEDRGDKVHIIGHIPPGHCLKSWSWNYYRIVARYENTLAAQFFGHTHVDEFEVFYDEETLSRPLAVAFLAPSATTYIGLNPGYRVYQIDGNYSGSSHVVLDHETYILNLTQANIPGAIPHWQLLYRARETYGLPNTLPTAWHNLVYRMRGDMQLFQTFWFLYHKGHPPSEPCGTPCRLATLCAQLSARADSPALCRHLMPDGSLPEAQSLWPRPLFC	SIGNAL 1..46
Q96PD2	Q96PD2	DCBD2_HUMAN	reviewed	Discoidin, CUB and LCCL domain-containing protein 2 (CUB, LCCL and coagulation factor V/VIII-homology domains protein 1) (Endothelial and smooth muscle cell-derived neuropilin-like protein)	Homo sapiens (Human)	5 out of 5	Chordata	MASRAVVRARRCPQCPQVRAAAAAPAWAALPLSRSLPPCSNSSSFSMPLFLLLLLVLLLLLEDAGAQQGDGCGHTVLGPESGTLTSINYPQTYPNSTVCEWEIRVKMGERVRIKFGDFDIEDSDSCHFNYLRIYNGIGVSRTEIGKYCGLGLQMNHSIESKGNEITLLFMSGIHVSGRGFLASYSVIDKQDLITCLDTASNFLEPEFSKYCPAGCLLPFAEISGTIPHGYRDSSPLCMAGVHAGVVSNTLGGQISVVISKGIPYYESSLANNVTSVVGHLSTSLFTFKTSGCYGTLGMESGVIADPQITASSVLEWTDHTGQENSWKPKKARLKKPGPPWAAFATDEYQWLQIDLNKEKKITGIITTGSTMVEHNYYVSAYRILYSDDGQKWTVYREPGVEQDKIFQGNKDYHQDVRNNFLPPIIARFIRVNPTQWQQKIAMKMELLGCQFIPKGRPPKLTQPPPPRNSNDLKNTTAPPKIAKGRAPKFTQPLQPRSSNEFPAQTEQTTASPDIRNTTVTPNVTKDVALAAVLVPVLVMVLTTLILILVCAWHWRNRKKKTEGTYDLPYWDRAGWWKGMKQFLPAKAVDHEETPVRYSSSEVNHLSPREVTTVLQADSAEYAQPLVGGIVGTLHQRSTFKPEEGKEAGYADLDPYNSPGQEVYHAYAEPLPITGPEYATPIIMDMSGHPTTSVGQPSTSTFKATGNQPPPLVGTYNTLLSRTDSCSSAQAQYDTPKAGKPGLPAPDELVYQVPQSTQEVSGAGRDGECDVFKEIL	SIGNAL 1..66;  /evidence="ECO:0000255"
Q91ZV3	Q91ZV3	DCBD2_MOUSE	reviewed	Discoidin, CUB and LCCL domain-containing protein 2 (Endothelial and smooth muscle cell-derived neuropilin-like protein)	Mus musculus (Mouse)	3 out of 5	Chordata	MASRAPLRAARSPQGPGGPAAPAATGRAALPSAGCCPLPPGRNSSSRPRLLLLLLLLLQDAGGQQGDGCGHTVLGPESGTLTSINYPHTYPNSTVCEWEIRVRTGERIRIKFGDFDIEDSDYCHLNYLKIFNGIGVSRTEIGKYCGLGLQMNQSIESKGSEVTVLFMSGTHAAGRGFLASYSVIDKEDLITCLDTVSNFLEPEFSKYCPAGCLLPFAEISGTIPHGYRDSSPLCMAGIHAGVVSNVLGGQISIVISKGTPYYESSLANNVTSTVGYLSASLFTFKTSGCYGTLGMESGVIADPQITASSALEWTDHMGQENSWTAEKARLRKPGPPWAAFATDEHQWLQIDLNKEKKITGIVTTGSTMIEHSYYVSAYRVLYSDDGQRWTVYREPGVDQDKIFQGNKDYHKDVRNNFLPPIIARFIRVNPVQWQQKIAMKVELLGCQFTLKGRLPKLTPPPRNGNNLRNTTARPKLGKGRAPKFTQVLQPRSRNELPVQPAETTTTPDIKNTTVTPSVTKDVALAAVLVPVLVMALTTLILILVCAWHWRNRKKKTEGAYDLPHWDRAGWWKGMKQLLPAKSVDHEETPVRYSTSEVSHLSAREVTTVLQADSAEYAQPLVGGIVGTLHQRSTFKPEEGKEAGYADLDPYNSPMQEVYHAYAEPLPVTGPEYATPIVMDMSGHPTASVGLPSTSTFKTAGTQPHALVGTYNTLLSRTDSCSSGQAQYDTPKGGKSAATPEELVYQVPQSTQELSGAGRDEKFDAFKEIL	SIGNAL 1..63;  /evidence="ECO:0000255"
Q91ZV2	Q91ZV2	DCBD2_RAT	reviewed	Discoidin, CUB and LCCL domain-containing protein 2 (Endothelial and smooth muscle cell-derived neuropilin-like protein)	Rattus norvegicus (Rat)	3 out of 5	Chordata	MASRAPLRAARSPQDPGGRAAPAATGRAPLPSAGWCPLPPGRNSSSRPRLLLLLLLLLPDAGAQKGDGCGHTVLGPESGTLTSINYPHTYPNSTVCKWEIRVKTGERIRIKFGDFDIEDSDYCHLNYLKIFNGIGVSRTEIGKYCGLGLQMNQSIESKGSEITVLFMSGIHASGRGFLASYSVIDKQDLITCLDTVSNFLEPEFSKYCPAGCLLPFAEISGTIPHGYRDSSPLCMAGIHAGVVSDVLGGQISVVISKGTPYYESSLANNVTSMVGYLSTSLFTFKTSGCYGTLGMESGVIADPQITASSVLEWTDHMGQENSWKPEKARLRKPGPPWAAFATDEHQWLQIDLNKEKKITGIVTTGSTLIEHNYYVSAYRVLYSDDGQKWTVYREPGAAQDKIFQGNKDYHKDVRNNFLPPIIARFIRVNPVQWQQKIAMKVELLGCQFTLKGRLPKLTQPPPPRNSNNLKNTTVHPKLGRAPKFTQALQPRSRNDLPLLPAQTTATPDVKNTTVTPSVTKDVALAAVLVPVLVMALTTLILILVCAWHWRNRKKKAEGTYDLPHWDRAGWWKGVKQLLPAKSVEHEETPVRYSNSEVSHLSPREVTTVLQADSAEYAQPLVGGIVGTLHQRSTFKPEEGKEASYADLDPYNAPVQEVYHAYAEPLPVTGPEYATPIVMDMSGHSTASVGLPSTSTFRTAGNQPPALVGTYNTLLSRTDSCSSGQAQYDTPKGGKPAAAPEELVYQVPQSTQEASGAGRDEKFDAFKETL	SIGNAL 1..63;  /evidence="ECO:0000255"
Q28110	Q28110	FCGR2_BOVIN	reviewed	Low affinity immunoglobulin gamma Fc region receptor II (IgG Fc receptor II) (Fc-gamma RII) (FcRII) (CD antigen CD32)	Bos taurus (Bovine)	4 out of 5	Chordata	MGIPSFLAFPAARRNRAHCTPWHPWGHMLLWTALLFLAPVSGKPDLPKAVVTIQPAWINVLREDHVTLTCQGTSFSAGNLTTWFHNGSSIHTQKQPSYSFRAGSNDSGSYRCQREQTSLSDPVHLDVISDWLLLQTPSLVFQEGEPIMLRCHSWRNQPLNKITFYQDRKSKIFSYQRTNFSIPRANLSHSGQYHCTAFIGKMLHSSQPVNITVQESSSSGPSSMTAVAIGTCFAAVAIVAAIITWFRLRRKPISAGLTDAENDAARTEAENTVTYSLLSHPDVAEEDSESDYQKRL	SIGNAL 1..42;  /evidence="ECO:0000255"
Q1LZH9	Q1LZH9	GNS_BOVIN	reviewed	N-acetylglucosamine-6-sulfatase (EC 3.1.6.14) (Glucosamine-6-sulfatase) (G6S)	Bos taurus (Bovine)	3 out of 5	Chordata	MRLLSLAPDRPRRGGPRHLTSGSPALPPPPPLLLLLLLLGGCLGVSGAAKSSRRPNVVLLLADDQDEVLGGMTPLKKTKALIGEMGMTFSSAYVPSALCCPSRASILTGKYPHNLHVVNNTLEGNCSSKSWQKIQEPNTFPAILRSMCGYQTFFAGKYLNEYGAPDAGGLGHVPLGWSYWYALEKNSKYYNYTLSINGKARKHGENYSVDYLTDVLANVSLDFLDYKSNSEPFFMMISTPAPHSPWTAAPQYQNAFQNVFAPRNKNFNIHGTNKHWLIRQAKTPMTNSSIQFLDNAFRKRWQTLLSVDDLVEKLVKRLEFNGELNNTYIFYTSDNGYHTGQFSLPIDKRQLYEFDIKVPLLVRGPGIKPNQTSKMLVANIDLGPTILDIAGYSLNKTQMDGMSFLPILKGASNLTWRSDVLVEYQGEGRNVTDPTCPSLSPGVSQCFPDCVCEDAYNNTYACVRTMSERWNLQYCEFDDQEVFVEVYNLTADPHQLNNIAKSIDPELLGKMNYRLMMLQSCSGPTCRTPGVFDPGYRFDPRLMFSNHGSVRTRRFSKHLL	SIGNAL 1..48;  /evidence="ECO:0000255"
P50426	P50426	GNS_CAPHI	reviewed	N-acetylglucosamine-6-sulfatase (EC 3.1.6.14) (Glucosamine-6-sulfatase) (G6S)	Capra hircus (Goat)	3 out of 5	Chordata	MRFLSLAPDRPRRGGPRHLPSGSPAPPPPPPLLLLLLLGGCLGVSGAAKGSRRPNVVLVLADDQDEVLGGMTPLKKTKALIGEMGMTFSSAYVPSALCCPSRASILTGKYPHNHHVVNNTLEGNCSSKSWQKIQEPNTFPAILRSMCGYQTFFAGKYLNEYGAPDAGGLGHVPLGWSYWYALEKNSKYYNYTLSINGKARKHGENYSVDYLTDVLANVSLDFLDYKSNSEPFFMMISTPAPHSPWTAAPQYQNAFQNVFAPRNKNFNIHGTNKHWLIRQAKTPMTNSSIQFLDNAFRERWQTLLSVDDLVEKLVKRLEFNGELNNTYIFYTSDNGYHTGQFSLPIDKRQLYEFDIKVPLLVRGPGIKPNQTSKMLVANIDLGPTILDIAGYGLNKTQMDGMSFLPILRGASNLTWRSDVLVEYQGEGRNVTDPTCPSLSPGVSQCFPDCVCEDAYNNTYACVRTMSELWNLQYCEFDDQEVFVEVYNLTADPHQLNNIAKSIDPELLGKMNYRLMMLQSCSGPTCRTPRVFDPGYRFDPRLMFSNHGSVRTRRFSKHLL	SIGNAL 1..47;  /evidence="ECO:0000255"
P52785	P52785	GUC2E_MOUSE	reviewed	Retinal guanylyl cyclase 1 (Guanylate cyclase 2E) (Guanylyl cyclase GC-E) (EC 4.6.1.2)	Mus musculus (Mouse)	5 out of 5	Chordata	MSAWLLPAGGLPGAGFCVPARQSPSSFSRVLRWPRPGLPGLLLLLLLPSPSALSAVFKVGVLGPWACDPIFARARPDLAARLAANRLNRDFALDGGPRFEVALLPEPCLTPGSLGAVSSALSRVSGLVGPVNPAACRPAELLAQEAGVALVPWGCPGTRAAGTTAPAVTPAADALYVLLRAFRWARVALITAPQDLWVEAGRALSTALRARGLPVALVTSMETSDRSGAREALGRIRDGPRVRVVIMVMHSVLLGGEEQRYLLEAAEELALTDGSLVFLPFDTLHYALSPGPEALAAFVNSSQLRRAHDAVLTLTRRCPPGGSVQDSLRRAQEHQELPLDLNLKQVSPLFGTIYDAVFLLAGGVKRARTAVGGGWVSGASVARQVREAQVSGFCGVLGRTEEPSFVLLDTDASGEQLFATHLLDPVLGSLRSAGTPMHFPRGGPAPGPDPSCWFDPDVICNGGVEPGLVFVGFLLVIGMGLTGAFLAHYLRHRLLHMQMASGPNKIILTLEDVTFLHPPGGSSRKVVQGSRSSLATRSASDIRSVPSQPQESTNVGLYEGDWVWLKKFPGEHHMAIRPATKTAFSKLRELRHENVALYLGLFLAGTADSPATPGEGILAVVSEHCARGSLHDLLAQREIKLDWMFKSSLLLDLIKGMRYLHHRGVAHGRLKSRNCVVDGRFVLKVTDHGHGRLLEAQRVLPEPPSAEDQLWTAPELLRDPSLERRGTLAGDVFSLAIIMQEVVCRSTPYAMLELTPEEVIQRVRSPPPLCRPLVSMDQAPMECIQLMTQCWAEHPELRPSMDLTFDLFKSINKGRKTNIIDSMLRMLEQYSSNLEDLIRERTEELEQEKQKTDRLLTQMLPPSVAEALKMGTSVEPEYFEEVTLYFSDIVGFTTISAMSEPIEVVDLLNDLYTLFDAIIGAHDVYKVETIGDAYMVASGLPQRNGQRHAAEIANMSLDILSAVGSFRMRHMPEVPVRIRIGLHSGPCVAGVVGLTMPRYCLFGDTVNTASRMESTGLPYRIHVNMSTVRILRALDQGFQMECRGRTELKGKGIEDTYWLVGRLGFNKPIPKPPDLQPGASNHGISLQEIPPERRKKLEKARPGQFTGK	SIGNAL 1..54;  /evidence="ECO:0000250|UniProtKB:P55203"
P51840	P51840	GUC2E_RAT	reviewed	Retinal guanylyl cyclase 1 (RETGC-1) (EC 4.6.1.2) (Guanylate cyclase 2E) (Guanylyl cyclase GC-E)	Rattus norvegicus (Rat)	5 out of 5	Chordata	MSAWLLPAGGFPGAGFCIPAWQSRSSLSRVLRWPGPGLPGLLLLLLLPSPSAFSAVFKVGVLGPWACDPIFARARPDLAARLATDRLNRDLALDGGPWFEVTLLPEPCLTPGSLGAVSSALTRVSGLVGPVNPAACRPAELLAQEAGVALVPWGCPGTRAAGTTAPAVTPAADALYVLLKAFRWARVALITAPQDLWVEAGRALSTALRARGLPVALVTSMVPSDLSGAREALRRIRDGPRVRVVIMVMHSVLLGGEEQRYLLEAAEELGLTDGSLVFLPFDTLHYALSPGPEALAAFVNSSKLRRAHDAVLTLTRRCPPGGSVQDSLRRAQEHQELPLDLDLKQVSPLFGTIYDAVFLLAGGVTRARAAVGGGWVSGASVARQMREAQVFGFCGILGRTEEPSFVLLDTDAAGERLFTTHLLDPVLGSLRSAGTPVHFPRGAPAPGPDPSCWFDPDVICNGGVEPGLVFVGFLLVIVVGLTGAFLAHYLRHRLLHMQMVSGPNKIILTLEDVTFLHPQGGSSRKVAQGSRSSLATRSTSDIRSVPSQPQESTNIGLYEGDWVWLKKFPGEHHMAIRPATKMAFSKLRELRHENVALYLGLFLAGTADSPATPGEGILAVVSEHCARGSLHDLLAQRDIKLDWMFKSSLLLDLIKGMRYLHHRGVAHGRLKSRNCVVDGRFVLKVTDHGHGRLLEAQRVLPEPPSAEDQLWTAPELLRDPALERRGTLAGDVFSLGIIMQEVVCRSTPYAMLELTPEEVIQRVRSPPPLCRPLVSMDQAPMECIQLMAQCWAEHPELRPSMDLTFDLFKGINKGRKTNIIDSMLRMLEQYSSNLEDLIRERTEELEQEKQKTDRLLTQMLPPSVAEALKMGTSVEPEYFEEVTLYFSDIVGFTTISAMSEPIEVVDLLNDLYTLFDAIIGSHDVYKVETIGDAYMVASGLPQRNGQRHAAEIANMSLDILSAVGSFRMRHMPEVPVRIRIGLHSGPCVAGVVGLTMPRYCLFGDTVNTASRMESTGLPYRIHVNMSTVRILRALDQGFQMECRGRTELKGKGVEDTYWLVGRVGFNKPIPKPPDLQPGASNHGISLQEIPPERRKKLEKARPGQFTGK	SIGNAL 1..54;  /evidence="ECO:0000250|UniProtKB:P55203"
P51841	P51841	GUC2F_HUMAN	reviewed	Retinal guanylyl cyclase 2 (RETGC-2) (EC 4.6.1.2) (Guanylate cyclase 2F, retinal) (Guanylate cyclase F) (GC-F) (Rod outer segment membrane guanylate cyclase 2) (ROS-GC2)	Homo sapiens (Human)	5 out of 5	Chordata	MFLGLGRFSRLVLWFAAFRKLLGHHGLASAKFLWCLCLLSVMSLPQQVWTLPYKIGVVGPWACDSLFSKALPEVAARLAIERINRDPSFDLSYSFEYVILNEDCQTSRALSSFISHHQMASGFIGPTNPGYCEAASLLGNSWDKGIFSWACVNYELDNKISYPTFSRTLPSPIRVLVTVMKYFQWAHAGVISSDEDIWVHTANRVASALRSHGLPVGVVLTTGQDSQSMRKALQRIHQADRIRIIIMCMHSALIGGETQMHLLECAHDLKMTDGTYVFVPYDALLYSLPYKHTPYRVLRNNPKLREAYDAVLTITVESQEKTFYQAFTEAAARGEIPEKLEFDQVSPLFGTIYNSIYFIAQAMNNAMKENGQAGAASLVQHSRNMQFHGFNQLMRTDSNGNGISEYVILDTNLKEWELHSTYTVDMEMELLRFGGTPIHFPGGRPPRADAKCWFAEGKICHGGIDPAFAMMVCLTLLIALLSINGFAYFIRRRINKIQLIKGPNRILLTLEDVTFINPHFGSKRGSRASVSFQITSEVQSGRSPRLSFSSGSLTPATYENSNIAIYEGDWVWLKKFSLGDFGDLKSIKSRASDVFEMMKDLRHENINPLLGFFYDSGMFAIVTEFCSRGSLEDILTNQDVKLDWMFKSSLLLDLIKGMKYLHHREFVHGRLKSRNCVVDGRFVLKVTDYGFNDILEMLRLSEEESSMEELLWTAPELLRAPRGSRLGSFAGDVYSFAIIMQEVMVRGTPFCMMDLPAQEIINRLKKPPPVYRPVVPPEHAPPECLQLMKQCWAEAAEQRPTFDEIFNQFKTFNKGKKTNIIDSMLRMLEQYSSNLEDLIRERTEELEIEKQKTEKLLTQMLPPSVAESLKKGCTVEPEGFDLVTLYFSDIVGFTTISAMSEPIEVVDLLNDLYTLFDAIIGSHDVYKVETIGDAYMVASGLPKRNGSRHAAEIANMSLDILSSVGTFKMRHMPEVPVRIRIGLHSGPVVAGVVGLTMPRYCLFGDTVNTASRMESTGLPYRIHVSLSTVTILQNLSEGYEVELRGRTELKGKGTEETFWLIGKKGFMKPLPVPPPVDKDGQVGHGLQPVEIAAFQRRKAERQLVRNKP	SIGNAL 1..50;  /evidence="ECO:0000255"
Q8K201	Q8K201	KCT2_MOUSE	reviewed	Keratinocyte-associated transmembrane protein 2	Mus musculus (Mouse)	2 out of 5	Chordata	MAASALGRMCGAAREKLSPGPGARGLGALARSLVLALLLVPVLCSDRSENPPNNATVSSPVVVTAPGNHTSPSVSQISTTLSPASAEKSGSSSAAPTPTAAPSAPEEEADSNEDPSMEEEDLLALNSSPATGKDTLDNGDYGEPDYDWTTNPRDEEPEDINIAISKESRRFRGFQDSVEVVKLPPPNREDSHFFFHLLIFAFCAAVVYVTYHNKRKIFLLVQSRKWRDGLCSKTVEYHRLDQNVNEAMPSLKITNDYIF	SIGNAL 1..44;  /evidence="ECO:0000255"
Q5R5B8	Q5R5B8	KCT2_PONAB	reviewed	Keratinocyte-associated transmembrane protein 2	Pongo abelii (Sumatran orangutan) (Pongo pygmaeus abelii)	2 out of 5	Chordata	MAAAALKRMRGPAQAKLLPGSAIQALVGLARPLVLALLLVSAALSSVVSRTDSPSPTVLNSHISTPNVNALTHENQTKPSISQISTTLPPTMSTEKSGGASVAPHPSPTPLSQEEADNNEDPSIEEEDLLMLNSSPSTAKDTLDNGDYGEPDYDWTTGPRDDDESDDTLEENRGYVEIEQSVKSFKMPSSNIEEEDSHFFFHLIIFAFCIAVVYITYHNKRKIFLLVQSRKWRDGLCSKTVEYHRLDQNVNEAMPSLKITNDYTF	SIGNAL 1..49;  /evidence="ECO:0000255"
Q9UBX7	Q9UBX7	KLK11_HUMAN	reviewed	Kallikrein-11 (hK11) (EC 3.4.21.-) (Hippostasin) (Serine protease 20) (Trypsin-like protease) [Cleaved into: Kallikrein-11 inactive chain 1; Kallikrein-11 inactive chain 2]	Homo sapiens (Human)	5 out of 5	Chordata	MQRLRWLRDWKSSGRGLTAAKEPGARSSPLQAMRILQLILLALATGLVGGETRIIKGFECKPHSQPWQAALFEKTRLLCGATLIAPRWLLTAAHCLKPRYIVHLGQHNLQKEEGCEQTRTATESFPHPGFNNSLPNKDHRNDIMLVKMASPVSITWAVRPLTLSSRCVTAGTSCLISGWGSTSSPQLRLPHTLRCANITIIEHQKCENAYPGNITDTMVCASVQEGGKDSCQGDSGGPLVCNQSLQGIISWGQDPCAITRKPGVYTKVCKYVDWIQETMKNN	SIGNAL 1..50;  /evidence="ECO:0000255"
Q5XNR9	Q5XNR9	LIFR_CANLF	reviewed	Leukemia inhibitory factor receptor (LIF receptor) (LIF-R) (CD antigen CD118)	Canis lupus familiaris (Dog) (Canis familiaris)	4 out of 5	Chordata	MMNISLRLRRPPWMVDSNGRRMTSHFQWLLLTFILLYLMNQVTSEKRGAPRDLKCITNNLRVWDCSWKAPSAAGHGTVYEICIENRSHSCYQSEKTNTKIPALLPGDHEITINRLYDFGNPISKFTLNEKNVSLIPDTPEILNLSADFSTSTIHLKWNDRGSVFPHQLTVIWEIKILRKENMEIVKLITHNTTVNGKDTVHHWSWTSDMPLECAIHSVGIRCYVDDPHFSGRKEWSDWSPLKNISWSPDSQTKVFPQDKVILVGSDITFCCVTQEKVLSAQIGQTNCPLIHLDGENVAIKIHNISVSANSGTNVVFTTEDNIFGTVIFVGYPPDIPQKVNCETYDLKEIVCTWNPGRPTALVGPRNTSYTLFESFSGKYVRFKRVEAPTNESYQLFFQMRPNQEIYNFTLNARNPLGRSESTILINITEKVYPRIPTSIKVKDINSTAVMLSWHLPGNFAKIKLLCQIEINKTNSVQELRNVTIKGVENSSYLVAVDKLNPYTIYTFRIRCSTETFWKWSKWSNEKKYLTTEAIPSKGPDTWREWSSDGKNLIIYWKPLPINEANGKILSYNVSCSLDEETQSLSEIPDPQHKAELQLDKNDYIISVVAKNSVGSSPPSKIASMEIPNDDLKVEQAVGMGNGILLTWNYDPNMTCDYVIKWCNSSRSEPCLMDWKKVPSNSTEAVIESDQFRPGVRYSFFLYGCRNEGYQLLRSIIGYIEELAPIVAPNFTVEDTSADSILVKWEDIPVEELRGFLRGYLFYFEKGERDTSKIRGLESGRSDIKVKNITDLSQKTLRIADLQGKTSYHLVLRAYTDGGMGPEKSMFVVTKENSVGLIIAILIPVAVAVIVGVVTSILCYRKREWIKETFYPDIPNPENCKALQFQKSVCEGNSALKTLEMNPCTPNNVEVLETRSAVPKIEDTEIISPIAERPEESSDAEAENHVVVSYCPPVIEEETPNPGADEAGGASQVVYIDIQSMYQPQAKPEEEQENDPVGGAGYKPQMHLPVTSTVEDLAAEDDLDKAAGYRPQANVNTWNLVSPDSPRSTDSNSEIVSFGSPCSINSRQFLIPPKDEDSPKSSGGGWSFTNFFQNKPND	SIGNAL 1..44;  /evidence="ECO:0000255"
Q9H0V9	Q9H0V9	LMA2L_HUMAN	reviewed	VIP36-like protein (Lectin mannose-binding 2-like) (LMAN2-like protein)	Homo sapiens (Human)	5 out of 5	Chordata	MAATLGPLGSWQQWRRCLSARDGSRMLLLLLLLGSGQGPQQVGAGQTFEYLKREHSLSKPYQGVGTGSSSLWNLMGNAMVMTQYIRLTPDMQSKQGALWNRVPCFLRDWELQVHFKIHGQGKKNLHGDGLAIWYTKDRMQPGPVFGNMDKFVGLGVFVDTYPNEEKQQERVFPYISAMVNNGSLSYDHERDGRPTELGGCTAIVRNLHYDTFLVIRYVKRHLTIMMDIDGKHEWRDCIEVPGVRLPRGYYFGTSSITGDLSDNHDVISLKLFELTVERTPEEEKLHRDVFLPSVDNMKLPEMTAPLPPLSGLALFLIVFFSLVFSVFAIVIGIILYNKWQEQSRKRFY	SIGNAL 1..44;  /evidence="ECO:0000255"
P59481	P59481	LMA2L_MOUSE	reviewed	VIP36-like protein (Lectin mannose-binding 2-like) (LMAN2-like protein)	Mus musculus (Mouse)	4 out of 5	Chordata	MAAASRPSWWQRWRRRAWARDGAKLLLFLLLLGSGPGPRHVRAGQAVEYLKREHSLSKPYQGVGTSSSSLWNLMGNAMVMTQYIRLTPDMQSKQGALWNRVPCFLKDWELQVHFKIHGQGKKNLHGDGLAIWYTKDRMQPGPVFGNMDKFVGLGVFVDTYPNEEKQHERVFPYISAMVNNGSLSYDHERDGRPTELGGCTAIVRNIRYDTFLVIRYVKRHLTIMMDIDGKHEWRDCIEMPGVRLPRGYYFGTSSITGDLSDNHDVISLKLFELTGVRTPEEEKLHRDVFLPSVDNLKLPEMTVPPTPLSGLALFLIVFFSLVFSVFAIVIGIILYNKWQDQSRKRFY	SIGNAL 1..43;  /evidence="ECO:0000255"
Q6VE48	Q6VE48	MCP_BOVIN	reviewed	Membrane cofactor protein (CD antigen CD46)	Bos taurus (Bovine)	4 out of 5	Chordata	MRASCTPLKAPLRRPERLASSGRFAWVLLLAPLLLLPTSSDACDDPPRFVSMKPQGTLKPSYSPGEQIVYECHLGFQPVTPGQVLALVCQDNNTWSSLQEGCKKRRCPTLADPTNGQVILVNGSTEFGSEVHYVCNNGYYLLGTNISYCEVSSGTGVNWSDNPPTCEKILCQPPPEIQNGKYTNSHKDVFEYNEVVTYSCDPSNGPDEYSLVGESKLTCIGNGEWSSQPPQCKVVKCVYPAIEHGTIVSGFGPKYYYKATVVLKCNEGFNLYGNSVVVCGENSTWEPELPKCIKGHPPRPTDASPPNGAEGLGAGYIVLVIVAVLIGVGLLLCLYCCFCRQRKKGIYVTGESHRQDILFSL	SIGNAL 1..42;  /evidence="ECO:0000255"
Q8VE43	Q8VE43	METRL_MOUSE	reviewed	Meteorin-like protein (Subfatin)	Mus musculus (Mouse)	5 out of 5	Chordata	MRGAVWAARRRAGQQWPRSPGPGPGPPPPPPLLLLLLLLLGGASAQYSSDLCSWKGSGLTREARSKEVEQVYLRCSAGSVEWMYPTGALIVNLRPNTFSPAQNLTVCIKPFRDSSGANIYLEKTGELRLLVRDIRGEPGQVQCFSLEQGGLFVEATPQQDISRRTTGFQYELMSGQRGLDLHVLSAPCRPCSDTEVLLAICTSDFVVRGFIEDVTHVPEQQVSVIYLRVNRLHRQKSRVFQPAPEDSGHWLGHVTTLLQCGVRPGHGEFLFTGHVHFGEAQLGCAPRFSDFQRMYRKAEEMGINPCEINME	SIGNAL 1..45;  /evidence="ECO:0000255"
Q5RJL6	Q5RJL6	METRL_RAT	reviewed	Meteorin-like protein (Subfatin)	Rattus norvegicus (Rat)	3 out of 5	Chordata	MRGVVWAARRRAGQQWPRSPGPGPGPPPPPPLLLLLLLLLGGASAQYSSDLCSWKGSGLTREAHSKEVEQVYLRCSAGSVEWMYPTGALIVNLRPNTFSPAQNLTVCIKPFRDSSGANIYLEKTGELRLLVRDVRGEPGQVQCFSLEQGGLFVEATPQQDISRRTTGFQYELMSGQRGLDLHVLSAPCRPCSDTEVLLAICTSDFVVRGFIEDVTHVPEQQVSVIHLRVSRLHRQKSRVFQPAPEDSGHWLGHVTTLLQCGVRPGHGEFLFTGHVHFGEAQLGCAPRFSDFQKMYRKAEERGINPCEINME	SIGNAL 1..45;  /evidence="ECO:0000255"
Q9R0S2	Q9R0S2	MMP24_MOUSE	reviewed	Matrix metalloproteinase-24 (MMP-24) (EC 3.4.24.-) (Matrix metalloproteinase-21) (MMP-21) (Membrane-type matrix metalloproteinase 5) (MT-MMP 5) (MTMMP5) (Membrane-type-5 matrix metalloproteinase) (MT5-MMP) (MT5MMP) [Cleaved into: Processed matrix metalloproteinase-24]	Mus musculus (Mouse)	5 out of 5	Chordata	MPRSRGGRAAPGQASRWSGWRAPGRLLPLLPALCCLAAAAGAGKPAGADAPFAGQNWLKSYGYLLPYESRASALHSGKALQSAVSTMQQFYGIPVTGVLDQTTIEWMKKPRCGVPDHPHLSRRRRNKRYALTGQKWRQKHITYSIHNYTPKVGELDTRKAIRQAFDVWQKVTPLTFEEVPYHEIKSDRKEADIMIFFASGFHGDSSPFDGEGGFLAHAYFPGPGIGGDTHFDSDEPWTLGNANHDGNDLFLVAVHELGHALGLEHSNDPSAIMAPFYQYMETHNFKLPQDDLQGIQKIYGPPAEPLEPTRPLPTLPVRRIHSPSERKHERHPRPPRPPLGDRPSTPGAKPNICDGNFNTVALFRGEMFVFKDRWFWRLRNNRVQEGYPMQIEQFWKGLPARIDAAYERADGRFVFFKGDKYWVFKEVTVEPGYPHSLGELGSCLPREGIDTALRWEPVGKTYFFKGERYWRYSEERRATDPGYPKPITVWKGIPQAPQGAFISKEGYYTYFYKGRDYWKFDNQKLSVEPGYPRNILRDWMGCKQKEVERRKERRLPQDDVDIMVTIDDVPGSVNAVAVVVPCTLSLCLLVLLYTIFQFKNKAGPQPVTYYKRPVQEWV	SIGNAL 1..41;  /evidence="ECO:0000255"
Q99PW6	Q99PW6	MMP24_RAT	reviewed	Matrix metalloproteinase-24 (MMP-24) (EC 3.4.24.-) (Membrane-type matrix metalloproteinase 5) (MT-MMP 5) (MTMMP5) (Membrane-type-5 matrix metalloproteinase) (MT5-MMP) (MT5MMP) [Cleaved into: Processed matrix metalloproteinase-24]	Rattus norvegicus (Rat)	5 out of 5	Chordata	MPRSRGGRAAPGQAARWSGWRAPGRLLPLLPALCCLAAAAGAGKPAGADAPFAGQNWLKSYGYLLPYESRASALHSGKALQSAVSTMQQFYGIPVTGVLDQTTIEWMKKPRCGVPDHPHLSRRRRNKRYALTGQKWRQKHITYSIHNYTPKVGELDTRKAIRQAFDVWQKVTPLTFEEVPYHEIKSDRKEADIMIFFASGFHGDSSPFDGEGGFLAHAYFPGPGIGGDTHFDSDEPWTLGNANHDGNDLFLVAVHELGHALGLEHSNDPSAIMAPFYQYMETHNFKLPQDDLQGIQKIYGPPAEPLEPTRPLPTLPVRRIHSPSERKHERQPRPPRPPLGDRPSTPGAKPNICDGNFNTVALFRGEMFVFKDRWFWRLRNNRVQEGYPMQIEQFWKGLPARIDAAYERADGRFVFFKGDKYWVFKEVTVEPGYPHSLGELGSCLPREGIDTALRWEPVGKTYFFKGERYWRYSEERRATDPGYPKPITVWKGIPQAPQGAFISKEGYYTYFYKGRDYWKFDNQKLSVEPGYPRNILRDWMGCKQKEVERRKERRLPQDDVDIMVTIDDVPGSVNAVAVVVPCTLSLCLLVLLYTIFQFKNKTGPQPVTYYKRPVQEWV	SIGNAL 1..41;  /evidence="ECO:0000255"
P29122	P29122	PCSK6_HUMAN	reviewed	Proprotein convertase subtilisin/kexin type 6 (EC 3.4.21.-) (Paired basic amino acid cleaving enzyme 4) (Subtilisin-like proprotein convertase 4) (SPC4) (Subtilisin/kexin-like protease PACE4)	Homo sapiens (Human)	5 out of 5	Chordata	MPPRAPPAPGPRPPPRAAAATDTAAGAGGAGGAGGAGGPGFRPLAPRPWRWLLLLALPAACSAPPPRPVYTNHWAVQVLGGPAEADRVAAAHGYLNLGQIGNLEDYYHFYHSKTFKRSTLSSRGPHTFLRMDPQVKWLQQQEVKRRVKRQVRSDPQALYFNDPIWSNMWYLHCGDKNSRCRSEMNVQAAWKRGYTGKNVVVTILDDGIERNHPDLAPNYDSYASYDVNGNDYDPSPRYDASNENKHGTRCAGEVAASANNSYCIVGIAYNAKIGGIRMLDGDVTDVVEAKSLGIRPNYIDIYSASWGPDDDGKTVDGPGRLAKQAFEYGIKKGRQGLGSIFVWASGNGGREGDYCSCDGYTNSIYTISVSSATENGYKPWYLEECASTLATTYSSGAFYERKIVTTDLRQRCTDGHTGTSVSAPMVAGIIALALEANSQLTWRDVQHLLVKTSRPAHLKASDWKVNGAGHKVSHFYGFGLVDAEALVVEAKKWTAVPSQHMCVAASDKRPRSIPLVQVLRTTALTSACAEHSDQRVVYLEHVVVRTSISHPRRGDLQIYLVSPSGTKSQLLAKRLLDLSNEGFTNWEFMTVHCWGEKAEGQWTLEIQDLPSQVRNPEKQGKLKEWSLILYGTAEHPYHTFSAHQSRSRMLELSAPELEPPKAALSPSQVEVPEDEEDYTAQSTPGSANILQTSVCHPECGDKGCDGPNADQCLNCVHFSLGSVKTSRKCVSVCPLGYFGDTAARRCRRCHKGCETCSSRAATQCLSCRRGFYHHQEMNTCVTLCPAGFYADESQKNCLKCHPSCKKCVDEPEKCTVCKEGFSLARGSCIPDCEPGTYFDSELIRCGECHHTCGTCVGPGREECIHCAKNFHFHDWKCVPACGEGFYPEEMPGLPHKVCRRCDENCLSCAGSSRNCSRCKTGFTQLGTSCITNHTCSNADETFCEMVKSNRLCERKLFIQFCCRTCLLAG	SIGNAL 1..63;  /evidence="ECO:0000255"
Q9NQS3	Q9NQS3	NECT3_HUMAN	reviewed	Nectin-3 (CDw113) (Nectin cell adhesion molecule 3) (Poliovirus receptor-related protein 3) (CD antigen CD113)	Homo sapiens (Human)	5 out of 5	Chordata	MARTLRPSPLCPGGGKAQLSSASLLGAGLLLQPPTPPPLLLLLFPLLLFSRLCGALAGPIIVEPHVTAVWGKNVSLKCLIEVNETITQISWEKIHGKSSQTVAVHHPQYGFSVQGEYQGRVLFKNYSLNDATITLHNIGFSDSGKYICKAVTFPLGNAQSSTTVTVLVEPTVSLIKGPDSLIDGGNETVAAICIAATGKPVAHIDWEGDLGEMESTTTSFPNETATIISQYKLFPTRFARGRRITCVVKHPALEKDIRYSFILDIQYAPEVSVTGYDGNWFVGRKGVNLKCNADANPPPFKSVWSRLDGQWPDGLLASDNTLHFVHPLTFNYSGVYICKVTNSLGQRSDQKVIYISDPPTTTTLQPTIQWHPSTADIEDLATEPKKLPFPLSTLATIKDDTIATIIASVVGGALFIVLVSVLAGIFCYRRRRTFRGDYFAKNYIPPSDMQKESQIDVLQQDELDSYPDSVKKENKNPVNNLIRKDYLEEPEKTQWNNVENLNRFERPMDYYEDLKMGMKFVSDEHYDENEDDLVSHVDGSVISRREWYV	SIGNAL 1..57;  /evidence="ECO:0000255"
Q96B86	Q96B86	RGMA_HUMAN	reviewed	Repulsive guidance molecule A (RGM domain family member A)	Homo sapiens (Human)	5 out of 5	Chordata	MQPPRERLVVTGRAGWMGMGRGAGRSALGFWPTLAFLLCSFPAATSPCKILKCNSEFWSATSGSHAPASDDTPEFCAALRSYALCTRRTARTCRGDLAYHSAVHGIEDLMSQHNCSKDGPTSQPRLRTLPPAGDSQERSDSPEICHYEKSFHKHSATPNYTHCGLFGDPHLRTFTDRFQTCKVQGAWPLIDNNYLNVQVTNTPVLPGSAATATSKLTIIFKNFQECVDQKVYQAEMDELPAAFVDGSKNGGDKHGANSLKITEKVSGQHVEIQAKYIGTTIVVRQVGRYLTFAVRMPEEVVNAVEDWDSQGLYLCLRGCPLNQQIDFQAFHTNAEGTGARRLAAASPAPTAPETFPYETAVAKCKEKLPVEDLYYQACVFDLLTTGDVNFTLAAYYALEDVKMLHSNKDKLHLYDRTRDLPGRAAAGLPLAPRPLLGALVPLLALLPVFC	SIGNAL 1..47;  /evidence="ECO:0000255"
Q9N0A6	Q9N0A6	RGMA_MACFA	reviewed	Repulsive guidance molecule A (RGM domain family member A)	Macaca fascicularis (Crab-eating macaque) (Cynomolgus monkey)	3 out of 5	Chordata	MGGPGPRRAGTSRERLVVTGRAGWMGMGRGAGRSALGFWPTLAFLLCSFPAATSPCKILKCNSEFWSATSGSHAPASDDTPEFCAALRSYALCTRRTARTCRGDLAYHSAVHGIEDLMSQHNCSKDGPTSQPRLHTLPPAGDSQERSDSPEICHCEKSFHKHSATPNYTHCGLFGDPHLRTFTDRFQTCKVQGAWPLIDNNYLNVQVTNTPVLPGSAATATSKLTIIFKNFQECVDQKVYQAEMDELPAAFVDGSKNGGDKHGANSLKITEKVSGQHVEIRAKYIGTTIVVRQVGRYLTFAVRVPEEVVNAVEDWDSQGLYLCLRGCPLNQQIDFQAFHTNTEGTGARRLAAASPAPTAPETFPYETAVAKCKEKLPVEDLYYQACVFDLLTTGDVNFTLAAYYALEDVKMLHSNKDKLHLYERTRDLPGRAAAGLPLAPQPLLGALILLLALFPVFC	SIGNAL 1..53;  /evidence="ECO:0000255"
Q6PCX7	Q6PCX7	RGMA_MOUSE	reviewed	Repulsive guidance molecule A (RGM domain family member A)	Mus musculus (Mouse)	5 out of 5	Chordata	MQPPRERLVVTGRAGWMGMGRGAGRSALGLWPTLAFLLCSFPAAISPCKILKCNSEFWSATSSGSHAPASDDVPEFCAALRTYALCTRRTARTCRGDLAYHSAVHGIEDLMSQHNCSKDGPTSQPRVRTLPPAGDSQERSDSPEICHYEKSFHKHSAAPNYTHCGLFGDPHLRTFTDHFQTCKVQGAWPLIDNNYLNVQVTNTPVLPGSAATATSKLTIIFKNFQECVDQKVYQAEMDELPSAFADGSKNGGDKHGANSLKITEKVSGQHVEIQAKYIGTTIVVRQVGRYLTFAVRMPEEVVNAVEDRDSQGLYLCLRGCPLNQQIDFQAFRANAESPRRPAAASPSPVVPETFPYETAVAKCKEKLPVEDLYYQACVFDLLTTGDVNFTLAAYYALEDGKMLHSNKDKLHLFERTRELPGAVAAAAAAATTFPLAPQILLGTIPLLVLLPVLW	SIGNAL 1..47;  /evidence="ECO:0000255"
Q9QUR8	Q9QUR8	SEM7A_MOUSE	reviewed	Semaphorin-7A (Semaphorin-K1) (Sema K1) (Semaphorin-L) (Sema L) (CD antigen CD108)	Mus musculus (Mouse)	5 out of 5	Chordata	MTPPPPGRAAPSAPRARVLSLPARFGLPLRLRLLLVFWVAAASAQGHSRSGPRISAVWKGQDHVDFSQPEPHTVLFHEPGSFSVWVGGRGKVYHFNFPEGKNASVRTVNIGSTKGSCQDKQDCGNYITLLERRGNGLLVCGTNARKPSCWNLVNDSVVMSLGEMKGYAPFSPDENSLVLFEGDEVYSTIRKQEYNGKIPRFRRIRGESELYTSDTVMQNPQFIKATIVHQDQAYDDKIYYFFREDNPDKNPEAPLNVSRVAQLCRGDQGGESSLSVSKWNTFLKAMLVCSDAATNRNFNRLQDVFLLPDPSGQWRDTRVYGVFSNPWNYSAVCVYSLGDIDRVFRTSSLKGYHMGLPNPRPGMCLPKKQPIPTETFQVADSHPEVAQRVEPMGPLKTPLFHSKYHYQKVVVHRMQASNGETFHVLYLTTDRGTIHKVVESGDQDHSFVFNIMEIQPFHRAAAIQAISLDADRRKLYVTSQWEVSQVPLDMCEVYSGGCHGCLMSRDPYCGWDQDRCVSIYSSQRSVLQSINPAEPHRECPNPKPDEAPLQKVSLARNSRYYLTCPMESRHATYLWRHEENVEQSCEPGHQSPSCILFIENLTARQYGHYRCEAQEGSYLREAQHWELLPEDRALAEQLMGHARALAASFWLGVLPTLILGLLVH	SIGNAL 1..44;  /evidence="ECO:0000255"
Q9UPZ6	Q9UPZ6	THS7A_HUMAN	reviewed	Thrombospondin type-1 domain-containing protein 7A [Cleaved into: Thrombospondin type-1 domain-containing protein 7A, soluble form]	Homo sapiens (Human)	5 out of 5	Chordata	MGLQARRWASGSRGAAGPRRGVLQLLPLPLPLPLLLLLLLRPGAGRAAAQGEAEAPTLYLWKTGPWGRCMGDECGPGGIQTRAVWCAHVEGWTTLHTNCKQAERPNNQQNCFKVCDWHKELYDWRLGPWNQCQPVISKSLEKPLECIKGEEGIQVREIACIQKDKDIPAEDIICEYFEPKPLLEQACLIPCQQDCIVSEFSAWSECSKTCGSGLQHRTRHVVAPPQFGGSGCPNLTEFQVCQSSPCEAEELRYSLHVGPWSTCSMPHSRQVRQARRRGKNKEREKDRSKGVKDPEARELIKKKRNRNRQNRQENKYWDIQIGYQTREVMCINKTGKAADLSFCQQEKLPMTFQSCVITKECQVSEWSEWSPCSKTCHDMVSPAGTRVRTRTIRQFPIGSEKECPEFEEKEPCLSQGDGVVPCATYGWRTTEWTECRVDPLLSQQDKRRGNQTALCGGGIQTREVYCVQANENLLSQLSTHKNKEASKPMDLKLCTGPIPNTTQLCHIPCPTECEVSPWSAWGPCTYENCNDQQGKKGFKLRKRRITNEPTGGSGVTGNCPHLLEAIPCEEPACYDWKAVRLGNCEPDNGKECGPGTQVQEVVCINSDGEEVDRQLCRDAIFPIPVACDAPCPKDCVLSTWSTWSSCSHTCSGKTTEGKQIRARSILAYAGEEGGIRCPNSSALQEVRSCNEHPCTVYHWQTGPWGQCIEDTSVSSFNTTTTWNGEASCSVGMQTRKVICVRVNVGQVGPKKCPESLRPETVRPCLLPCKKDCIVTPYSDWTSCPSSCKEGDSSIRKQSRHRVIIQLPANGGRDCTDPLYEEKACEAPQACQSYRWKTHKWRRCQLVPWSVQQDSPGAQEGCGPGRQARAITCRKQDGGQAGIHECLQYAGPVPALTQACQIPCQDDCQLTSWSKFSSCNGDCGAVRTRKRTLVGKSKKKEKCKNSHLYPLIETQYCPCDKYNAQPVGNWSDCILPEGKVEVLLGMKVQGDIKECGQGYRYQAMACYDQNGRLVETSRCNSHGYIEEACIIPCPSDCKLSEWSNWSRCSKSCGSGVKVRSKWLREKPYNGGRPCPKLDHVNQAQVYEVVPCHSDCNQYLWVTEPWSICKVTFVNMRENCGEGVQTRKVRCMQNTADGPSEHVEDYLCDPEEMPLGSRVCKLPCPEDCVISEWGPWTQCVLPCNQSSFRQRSADPIRQPADEGRSCPNAVEKEPCNLNKNCYHYDYNVTDWSTCQLSEKAVCGNGIKTRMLDCVRSDGKSVDLKYCEALGLEKNWQMNTSCMVECPVNCQLSDWSPWSECSQTCGLTGKMIRRRTVTQPFQGDGRPCPSLMDQSKPCPVKPCYRWQYGQWSPCQVQEAQCGEGTRTRNISCVVSDGSADDFSKVVDEEFCADIELIIDGNKNMVLEESCSQPCPGDCYLKDWSSWSLCQLTCVNGEDLGFGGIQVRSRPVIIQELENQHLCPEQMLETKSCYDGQCYEYKWMASAWKGSSRTVWCQRSDGINVTGGCLVMSQPDADRSCNPPCSQPHSYCSETKTCHCEEGYTEVMSSNSTLEQCTLIPVVVLPTMEDKRGDVKTSRAVHPTQPSSNPAGRGRTWFLQPFGPDGRLKTWVYGVAAGAFVLLIFIVSMIYLACKKPKKPQRRQNNRLKPLTLAYDGDADM	SIGNAL 1..47;  /evidence="ECO:0000255"
Q9EPU5	Q9EPU5	TNR21_MOUSE	reviewed	Tumor necrosis factor receptor superfamily member 21 (Death receptor 6) (CD antigen CD358)	Mus musculus (Mouse)	5 out of 5	Chordata	MGTRASSITALASCSRTAGQVGATMVAGSLLLLGFLSTITAQPEQKTLSLPGTYRHVDRTTGQVLTCDKCPAGTYVSEHCTNMSLRVCSSCPAGTFTRHENGIERCHDCSQPCPWPMIERLPCAALTDRECICPPGMYQSNGTCAPHTVCPVGWGVRKKGTENEDVRCKQCARGTFSDVPSSVMKCKAHTDCLGQNLEVVKPGTKETDNVCGMRLFFSSTNPPSSGTVTFSHPEHMESHDVPSSTYEPQGMNSTDSNSTASVRTKVPSGIEEGTVPDNTSSTSGKEGTNRTLPNPPQVTHQQAPHHRHILKLLPSSMEATGEKSSTAIKAPKRGHPRQNAHKHFDINEHLPWMIVLFLLLVLVLIVVCSIRKSSRTLKKGPRQDPSAIVEKAGLKKSLTPTQNREKWIYYRNGHGIDILKLVAAQVGSQWKDIYQFLCNASEREVAAFSNGYTADHERAYAALQHWTIRGPEASLAQLISALRQHRRNDVVEKIRGLMEDTTQLETDKLALPMSPSPLSPSPMPSPNVKLENSTLLTVEPSPLDKNKCFFVDESEPLLRCDSTSSGSSALSRNGSFITKEKKDTVLRQVRLDPCDLQPIFDDMLHILNPEELRVIEEIPQAEDKLDRLFEIIGVKSQEASQTLLDSVYSHLPDLL	SIGNAL 1..41;  /evidence="ECO:0000255"
Q8IZC6	Q8IZC6	CORA1_HUMAN	reviewed	Collagen alpha-1(XXVII) chain	Homo sapiens (Human)	5 out of 5	Chordata	MGAGSARGARGTAAAAAARGGGFLFSWILVSFACHLASTQGAPEDVDILQRLGLSWTKAGSPAPPGVIPFQSGFIFTQRARLQAPTGTVIPAALGTELALVLSLCSHRVNHAFLFAVRSQKRKLQLGLQFLPGKTVVHLGSRRSVAFDLDMHDGRWHHLALELRGRTVTLVTACGQRRVPVLLPFHRDPALDPGGSFLFGKMNPHAVQFEGALCQFSIYPVTQVAHNYCTHLRKQCGQADTYQSPLGPLFSQDSGRPFTFQSDLALLGLENLTTATPALGSLPAGRGPRGTVAPATPTKPQRTSPTNPHQHMAVGGPAQTPLLPAKLSASNALDPMLPASVGGSTRTPRPAAAQPSQKITATKIPKSLPTKPSAPSTSIVPIKSPHPTQKTAPSSFTKSALPTQKQVPPTSRPVPARVSRPAEKPIQRNPGMPRPPPPSTRPLPPTTSSSKKPIPTLARTEAKITSHASKPASARTSTHKPPPFTALSSSPAPTPGSTRSTRPPATMVPPTSGTSTPRTAPAVPTPGSAPTGSKKPIGSEASKKAGPKSSPRKPVPLRPGKAARDVPLSDLTTRPSPRQPQPSQQTTPALVLAPAQFLSSSPRPTSSGYSIFHLAGSTPFPLLMGPPGPKGDCGLPGPPGLPGLPGIPGARGPRGPPGPYGNPGLPGPPGAKGQKGDPGLSPGKAHDGAKGDMGLPGLSGNPGPPGRKGHKGYPGPAGHPGEQGQPGPEGSPGAKGYPGRQGLPGPVGDPGPKGSRGYIGLPGLFGLPGSDGERGLPGVPGKRGKMGMPGFPGVFGERGPPGLDGNPGELGLPGPPGVPGLIGDLGVLGPIGYPGPKGMKGLMGSVGEPGLKGDKGEQGVPGVSGDPGFQGDKGSQGLPGFPGARGKPGPLGKVGDKGSIGFPGPPGPEGFPGDIGPPGDNGPEGMKGKPGARGLPGPRGQLGPEGDEGPMGPPGAPGLEGQPGRKGFPGRPGLDGVKGEPGDPGRPGPVGEQGFMGFIGLVGEPGIVGEKGDRGMMGPPGVPGPKGSMGHPGMPGGMGTPGEPGPQGPPGSRGPPGMRGAKGRRGPRGPDGPAGEQGSRGLKGPPGPQGRPGRPGQQGVAGERGHLGSRGFPGIPGPSGPPGTKGLPGEPGPQGPQGPIGPPGEMGPKGPPGAVGEPGLPGEAGMKGDLGPLGTPGEQGLIGQRGEPGLEGDSGPMGPDGLKGDRGDPGPDGEHGEKGQEGLMGEDGPPGPPGVTGVRGPEGKSGKQGEKGRTGAKGAKGYQGQLGEMGVPGDPGPPGTPGPKGSRGSLGPTGAPGRMGAQGEPGLAGYDGHKGIVGPLGPPGPKGEKGEQGEDGKAEGPPGPPGDRGPVGDRGDRGEPGDPGYPGQEGVQGLRGKPGQQGQPGHPGPRGWPGPKGSKGAEGPKGKQGKAGAPGRRGVQGLQGLPGPRGVVGRQGLEGIAGPDGLPGRDGQAGQQGEQGDDGDPGPMGPAGKRGNPGVAGLPGAQGPPGFKGESGLPGQLGPPGKRGTEGRTGLPGNQGEPGSKGQPGDSGEMGFPGMAGLFGPKGPPGDIGFKGIQGPRGPPGLMGKEGIVGPLGILGPSGLPGPKGDKGSRGDWGLQGPRGPPGPRGRPGPPGPPGGPIQLQQDDLGAAFQTWMDTSGALRPESYSYPDRLVLDQGGEIFKTLHYLSNLIQSIKTPLGTKENPARVCRDLMDCEQKMVDGTYWVDPNLGCSSDTIEVSCNFTHGGQTCLKPITASKVEFAISRVQMNFLHLLSSEVTQHITIHCLNMTVWQEGTGQTPAKQAVRFRAWNGQIFEAGGQFRPEVSMDGCKVQDGRWHQTLFTFRTQDPQQLPIISVDNLPPASSGKQYRLEVGPACFL	SIGNAL 1..41;  /evidence="ECO:0000255"
Q91443	Q91443	Q91443_SQUAC	unreviewed	Insulin-like growth factor II	Squalus acanthias (Spiny dogfish)	1 out of 5	Chordata	MGRHSALGLSGNRQVSPCTGTRPFKVVGSRSPVQPLCILLALTVCIGTSEARLEETLCGSELVDTLQFICAERGFYFVSKVVGRRSRQNRGIVEECCFRSCDLLILETYCAVPPEAARSTPSPAQQRTLMHRIVGKRSLGIEQERLTRPGGHLQQYLNNASPASSPKAEILDWPGEGEASPPIGDLTWRARYPPRHWVWLSAALPSPSTS	